Unity Editor version:    2021.3.18f1 (3129e69bc0c7)
Branch:                  2021.3/staging
Build type:              Release
Batch mode:              YES
macOS version:           Version 15.3.1 (Build 24D70)
Darwin version:          24.3.0
Architecture:            arm64
Running under Rosetta:   NO
Available memory:        32768 MB
Using pre-set license
Pro License: YES

COMMAND LINE ARGUMENTS:
/Applications/Unity/Hub/Editor/2021.3.18f1/Unity.app/Contents/MacOS/Unity
-adb2
-batchMode
-noUpm
-name
AssetImportWorker0
-projectPath
/Users/steve/repos/unity-craftii-kiosk/unity-craftii-kiosk
-logFile
Logs/AssetImportWorker0.log
-srvPort
51360
Successfully changed project path to: /Users/steve/repos/unity-craftii-kiosk/unity-craftii-kiosk
/Users/steve/repos/unity-craftii-kiosk/unity-craftii-kiosk
[UnityMemory] Configuration Parameters - Can be set up in boot.config
    "memorysetup-bucket-allocator-granularity=16"
    "memorysetup-bucket-allocator-bucket-count=8"
    "memorysetup-bucket-allocator-block-size=33554432"
    "memorysetup-bucket-allocator-block-count=8"
    "memorysetup-main-allocator-block-size=16777216"
    "memorysetup-thread-allocator-block-size=16777216"
    "memorysetup-gfx-main-allocator-block-size=16777216"
    "memorysetup-gfx-thread-allocator-block-size=16777216"
    "memorysetup-cache-allocator-block-size=4194304"
    "memorysetup-typetree-allocator-block-size=2097152"
    "memorysetup-profiler-bucket-allocator-granularity=16"
    "memorysetup-profiler-bucket-allocator-bucket-count=8"
    "memorysetup-profiler-bucket-allocator-block-size=33554432"
    "memorysetup-profiler-bucket-allocator-block-count=8"
    "memorysetup-profiler-allocator-block-size=16777216"
    "memorysetup-profiler-editor-allocator-block-size=1048576"
    "memorysetup-temp-allocator-size-main=16777216"
    "memorysetup-job-temp-allocator-block-size=2097152"
    "memorysetup-job-temp-allocator-block-size-background=1048576"
    "memorysetup-job-temp-allocator-reduction-small-platforms=262144"
    "memorysetup-temp-allocator-size-background-worker=32768"
    "memorysetup-temp-allocator-size-job-worker=262144"
    "memorysetup-temp-allocator-size-preload-manager=33554432"
    "memorysetup-temp-allocator-size-nav-mesh-worker=65536"
    "memorysetup-temp-allocator-size-audio-worker=65536"
    "memorysetup-temp-allocator-size-cloud-worker=32768"
    "memorysetup-temp-allocator-size-gi-baking-worker=262144"
    "memorysetup-temp-allocator-size-gfx=262144"
Player connection [8752089152] Host "[IP] 192.168.68.51 [Port] 0 [Flags] 2 [Guid] 747098911 [EditorId] 747098911 [Version] 1048832 [Id] OSXEditor(0,powernative.local) [Debug] 1 [PackageName] OSXEditor [ProjectName] Editor" joined multi-casting on [225.0.0.222:54997]...

Player connection [8752089152] Host "[IP] 192.168.68.51 [Port] 0 [Flags] 2 [Guid] 747098911 [EditorId] 747098911 [Version] 1048832 [Id] OSXEditor(0,powernative.local) [Debug] 1 [PackageName] OSXEditor [ProjectName] Editor" joined alternative multi-casting on [225.0.0.222:34997]...

Refreshing native plugins compatible for Editor in 69.12 ms, found 2 plugins.
Preloading 0 native plugins for Editor in 0.00 ms.
Initialize engine version: 2021.3.18f1 (3129e69bc0c7)
[Subsystems] Discovering subsystems at path /Applications/Unity/Hub/Editor/2021.3.18f1/Unity.app/Contents/Resources/UnitySubsystems
[Subsystems] Discovering subsystems at path /Users/steve/repos/unity-craftii-kiosk/unity-craftii-kiosk/Assets
GfxDevice: creating device client; threaded=0; jobified=0
 preferred device: Apple M1 Max (high power)
Metal devices available: 1
0: Apple M1 Max (high power)
Using device Apple M1 Max (high power)
Initializing Metal device caps: Apple M1 Max
Initialize mono
Mono path[0] = '/Applications/Unity/Hub/Editor/2021.3.18f1/Unity.app/Contents/Managed'
Mono path[1] = '/Applications/Unity/Hub/Editor/2021.3.18f1/Unity.app/Contents/MonoBleedingEdge/lib/mono/unityjit-macos'
Mono config path = '/Applications/Unity/Hub/Editor/2021.3.18f1/Unity.app/Contents/MonoBleedingEdge/etc'
Using monoOptions --debugger-agent=transport=dt_socket,embedding=1,server=y,suspend=n,address=127.0.0.1:56365
Begin MonoManager ReloadAssembly
Registering precompiled unity dll's ...
Register platform support module: /Applications/Unity/Hub/Editor/2021.3.18f1/PlaybackEngines/WebGLSupport/UnityEditor.WebGL.Extensions.dll
Register platform support module: /Applications/Unity/Hub/Editor/2021.3.18f1/Unity.app/Contents/PlaybackEngines/MacStandaloneSupport/UnityEditor.OSXStandalone.Extensions.dll
Register platform support module: /Applications/Unity/Hub/Editor/2021.3.18f1/PlaybackEngines/AndroidPlayer/UnityEditor.Android.Extensions.dll
Register platform support module: /Applications/Unity/Hub/Editor/2021.3.18f1/PlaybackEngines/iOSSupport/UnityEditor.iOS.Extensions.dll
Register platform support module: /Applications/Unity/Hub/Editor/2021.3.18f1/PlaybackEngines/WindowsStandaloneSupport/UnityEditor.WindowsStandalone.Extensions.dll
Register platform support module: /Applications/Unity/Hub/Editor/2021.3.18f1/PlaybackEngines/LinuxStandaloneSupport/UnityEditor.LinuxStandalone.Extensions.dll
Registered in 0.001742 seconds.
Native extension for LinuxStandalone target not found
Native extension for WindowsStandalone target not found
[usbmuxd] Start listen thread
[usbmuxd] Listen thread started
[usbmuxd] Send listen message
Native extension for iOS target not found
Native extension for Android target not found
Android Extension - Scanning For ADB Devices 123 ms
Native extension for OSXStandalone target not found
Native extension for WebGL target not found
Refreshing native plugins compatible for Editor in 66.88 ms, found 2 plugins.
Preloading 0 native plugins for Editor in 0.00 ms.
Mono: successfully reloaded assembly
- Completed reload, in  0.605 seconds
Domain Reload Profiling:
	ReloadAssembly (605ms)
		BeginReloadAssembly (45ms)
			ExecutionOrderSort (0ms)
			DisableScriptedObjects (0ms)
			BackupInstance (0ms)
			ReleaseScriptingObjects (0ms)
			CreateAndSetChildDomain (0ms)
		EndReloadAssembly (493ms)
			LoadAssemblies (47ms)
			RebuildTransferFunctionScriptingTraits (0ms)
			SetupTypeCache (70ms)
			ReleaseScriptCaches (0ms)
			RebuildScriptCaches (19ms)
			SetupLoadedEditorAssemblies (375ms)
				LogAssemblyErrors (0ms)
				InitializePlatformSupportModulesInManaged (238ms)
				SetLoadedEditorAssemblies (0ms)
				RefreshPlugins (67ms)
				BeforeProcessingInitializeOnLoad (1ms)
				ProcessInitializeOnLoadAttributes (46ms)
				ProcessInitializeOnLoadMethodAttributes (24ms)
				AfterProcessingInitializeOnLoad (0ms)
				EditorAssembliesLoaded (0ms)
			ExecutionOrderSort2 (0ms)
			AwakeInstancesAfterBackupRestoration (0ms)
Platform modules already initialized, skipping
Registering precompiled user dll's ...
Registered in 0.001595 seconds.
Begin MonoManager ReloadAssembly
Symbol file LoadedFromMemory doesn't match image /Users/steve/repos/unity-craftii-kiosk/unity-craftii-kiosk/Library/PackageCache/com.unity.visualscripting@1.8.0/Editor/VisualScripting.Core/Dependencies/YamlDotNet/Unity.VisualScripting.YamlDotNet.dll
Symbol file LoadedFromMemory doesn't match image /Users/steve/repos/unity-craftii-kiosk/unity-craftii-kiosk/Library/PackageCache/com.unity.visualscripting@1.8.0/Editor/VisualScripting.Core/Dependencies/DotNetZip/Unity.VisualScripting.IonicZip.dll
Native extension for LinuxStandalone target not found
Native extension for WindowsStandalone target not found
Native extension for iOS target not found
Native extension for Android target not found
Native extension for OSXStandalone target not found
Native extension for WebGL target not found
Refreshing native plugins compatible for Editor in 0.32 ms, found 2 plugins.
Preloading 0 native plugins for Editor in 0.00 ms.
Mono: successfully reloaded assembly
- Completed reload, in  0.612 seconds
Domain Reload Profiling:
	ReloadAssembly (612ms)
		BeginReloadAssembly (57ms)
			ExecutionOrderSort (0ms)
			DisableScriptedObjects (3ms)
			BackupInstance (0ms)
			ReleaseScriptingObjects (0ms)
			CreateAndSetChildDomain (17ms)
		EndReloadAssembly (487ms)
			LoadAssemblies (46ms)
			RebuildTransferFunctionScriptingTraits (0ms)
			SetupTypeCache (170ms)
			ReleaseScriptCaches (1ms)
			RebuildScriptCaches (33ms)
			SetupLoadedEditorAssemblies (187ms)
				LogAssemblyErrors (0ms)
				InitializePlatformSupportModulesInManaged (18ms)
				SetLoadedEditorAssemblies (0ms)
				RefreshPlugins (0ms)
				BeforeProcessingInitializeOnLoad (51ms)
				ProcessInitializeOnLoadAttributes (106ms)
				ProcessInitializeOnLoadMethodAttributes (10ms)
				AfterProcessingInitializeOnLoad (1ms)
				EditorAssembliesLoaded (0ms)
			ExecutionOrderSort2 (0ms)
			AwakeInstancesAfterBackupRestoration (2ms)
Platform modules already initialized, skipping
========================================================================
Worker process is ready to serve import requests
Launching external process: /Applications/Unity/Hub/Editor/2021.3.18f1/Unity.app/Contents/Tools/UnityShaderCompiler
Launched and connected shader compiler UnityShaderCompiler after 0.03 seconds
Refreshing native plugins compatible for Editor in 0.38 ms, found 2 plugins.
Preloading 0 native plugins for Editor in 0.00 ms.
Unloading 3063 Unused Serialized files (Serialized files now loaded: 0)
Unloading 23 unused Assets / (Unknown). Loaded Objects now: 3527.
Memory consumption went from 104.5 MB to 104.6 MB.
Total: 2.274875 ms (FindLiveObjects: 0.098333 ms CreateObjectMapping: 0.037500 ms MarkObjects: 2.051083 ms  DeleteObjects: 0.087500 ms)

AssetImportParameters requested are different than current active one (requested -> active):
  custom:video-decoder-ogg-theora: a1e56fd34408186e4bbccfd4996cb3dc -> 
  custom:container-muxer-webm: aa71ff27fc2769a1b78a27578f13a17b -> 
  custom:container-demuxer-webm: 4f35f7cbe854078d1ac9338744f61a02 -> 
  custom:video-encoder-webm-vp8: eb34c28f22e8b96e1ab97ce403110664 -> 
  custom:framework-osx-AVFoundation: e770b220cccbd017edd2c1fefb359320 -> 
  custom:audio-encoder-webm-vorbis: bf7c407c2cedff20999df2af8eb42d56 -> 
  custom:container-demuxer-ogg: 62fdf1f143b41e24485cea50d1cbac27 -> 
  custom:video-decoder-webm-vp8: 9c59270c3fd7afecdb556c50c9e8de78 -> 
  custom:audio-decoder-ogg-vorbis: bf7c407c2cedff20999df2af8eb42d56 -> 
========================================================================
Received Import Request.
  Time since last request: 660378.684590 seconds.
  path: Assets/Materials
  artifactKey: Guid(77f34487ddca642ada411323cf07dec9) Importer(815301076,1909f56bfc062723c751e8b465ee728b)
Start importing Assets/Materials using Guid(77f34487ddca642ada411323cf07dec9) Importer(815301076,1909f56bfc062723c751e8b465ee728b)  -> (artifact id: 'e053e7c394db7f50d44c746f50328208') in 0.004328 seconds 
========================================================================
Received Import Request.
  Time since last request: 0.000072 seconds.
  path: Assets/Materials/earth-texture.png
  artifactKey: Guid(3514b4d904d234755a24002d67639eca) Importer(815301076,1909f56bfc062723c751e8b465ee728b)
Start importing Assets/Materials/earth-texture.png using Guid(3514b4d904d234755a24002d67639eca) Importer(815301076,1909f56bfc062723c751e8b465ee728b)  -> (artifact id: '09ed829df5895a7669770ca924ecd931') in 0.675195 seconds 
========================================================================
Received Import Request.
  Time since last request: 6.116448 seconds.
  path: Assets/Materials/earth.mat
  artifactKey: Guid(3fd390187094547baaf5c9fd79577072) Importer(815301076,1909f56bfc062723c751e8b465ee728b)
Start importing Assets/Materials/earth.mat using Guid(3fd390187094547baaf5c9fd79577072) Importer(815301076,1909f56bfc062723c751e8b465ee728b)  -> (artifact id: '1ac1569a9fb012e3a62ebfca94e10eb3') in 0.733804 seconds 
========================================================================
Received Import Request.
  Time since last request: 25.081508 seconds.
  path: Assets/Materials/earth-normal.png
  artifactKey: Guid(3fc606561db334e07ae56a2bdfc1d430) Importer(815301076,1909f56bfc062723c751e8b465ee728b)
Start importing Assets/Materials/earth-normal.png using Guid(3fc606561db334e07ae56a2bdfc1d430) Importer(815301076,1909f56bfc062723c751e8b465ee728b)  -> (artifact id: '52fc8d32e9c0546e34386ffa97df8058') in 0.034617 seconds 
========================================================================
Received Import Request.
  Time since last request: 21.419640 seconds.
  path: Assets/TextMesh Pro/Resources/Fonts & Materials/LiberationSans SDF - Fallback.asset
  artifactKey: Guid(2e498d1c8094910479dc3e1b768306a4) Importer(815301076,1909f56bfc062723c751e8b465ee728b)
Start importing Assets/TextMesh Pro/Resources/Fonts & Materials/LiberationSans SDF - Fallback.asset using Guid(2e498d1c8094910479dc3e1b768306a4) Importer(815301076,1909f56bfc062723c751e8b465ee728b)  -> (artifact id: '4cdae38d46cda405e1aa211d218e9d4c') in 0.080182 seconds 
========================================================================
Received Prepare
Registering precompiled user dll's ...
Registered in 0.001349 seconds.
Begin MonoManager ReloadAssembly
Thread 0x31161f000 may have been prematurely finalized
Symbol file LoadedFromMemory doesn't match image /Users/steve/repos/unity-craftii-kiosk/unity-craftii-kiosk/Library/PackageCache/com.unity.visualscripting@1.8.0/Editor/VisualScripting.Core/Dependencies/YamlDotNet/Unity.VisualScripting.YamlDotNet.dll
Symbol file LoadedFromMemory doesn't match image /Users/steve/repos/unity-craftii-kiosk/unity-craftii-kiosk/Library/PackageCache/com.unity.visualscripting@1.8.0/Editor/VisualScripting.Core/Dependencies/DotNetZip/Unity.VisualScripting.IonicZip.dll
Native extension for LinuxStandalone target not found
Native extension for WindowsStandalone target not found
Native extension for iOS target not found
Native extension for Android target not found
Native extension for OSXStandalone target not found
Native extension for WebGL target not found
Refreshing native plugins compatible for Editor in 0.38 ms, found 2 plugins.
Preloading 0 native plugins for Editor in 0.00 ms.
Mono: successfully reloaded assembly
- Completed reload, in  0.578 seconds
Domain Reload Profiling:
	ReloadAssembly (578ms)
		BeginReloadAssembly (73ms)
			ExecutionOrderSort (0ms)
			DisableScriptedObjects (2ms)
			BackupInstance (0ms)
			ReleaseScriptingObjects (0ms)
			CreateAndSetChildDomain (27ms)
		EndReloadAssembly (449ms)
			LoadAssemblies (30ms)
			RebuildTransferFunctionScriptingTraits (0ms)
			SetupTypeCache (168ms)
			ReleaseScriptCaches (1ms)
			RebuildScriptCaches (26ms)
			SetupLoadedEditorAssemblies (165ms)
				LogAssemblyErrors (0ms)
				InitializePlatformSupportModulesInManaged (18ms)
				SetLoadedEditorAssemblies (0ms)
				RefreshPlugins (0ms)
				BeforeProcessingInitializeOnLoad (36ms)
				ProcessInitializeOnLoadAttributes (99ms)
				ProcessInitializeOnLoadMethodAttributes (11ms)
				AfterProcessingInitializeOnLoad (1ms)
				EditorAssembliesLoaded (0ms)
			ExecutionOrderSort2 (0ms)
			AwakeInstancesAfterBackupRestoration (2ms)
Platform modules already initialized, skipping
Refreshing native plugins compatible for Editor in 0.63 ms, found 2 plugins.
Preloading 0 native plugins for Editor in 0.00 ms.
Unloading 3043 Unused Serialized files (Serialized files now loaded: 0)
Unloading 16 unused Assets / (22.0 KB). Loaded Objects now: 3578.
Memory consumption went from 117.9 MB to 117.9 MB.
Total: 2.045209 ms (FindLiveObjects: 0.094916 ms CreateObjectMapping: 0.036709 ms MarkObjects: 1.900333 ms  DeleteObjects: 0.012667 ms)

AssetImportParameters requested are different than current active one (requested -> active):
  custom:video-decoder-ogg-theora: a1e56fd34408186e4bbccfd4996cb3dc -> 
  custom:container-muxer-webm: aa71ff27fc2769a1b78a27578f13a17b -> 
  custom:container-demuxer-webm: 4f35f7cbe854078d1ac9338744f61a02 -> 
  custom:video-encoder-webm-vp8: eb34c28f22e8b96e1ab97ce403110664 -> 
  custom:framework-osx-AVFoundation: e770b220cccbd017edd2c1fefb359320 -> 
  custom:audio-encoder-webm-vorbis: bf7c407c2cedff20999df2af8eb42d56 -> 
  custom:container-demuxer-ogg: 62fdf1f143b41e24485cea50d1cbac27 -> 
  custom:video-decoder-webm-vp8: 9c59270c3fd7afecdb556c50c9e8de78 -> 
  custom:audio-decoder-ogg-vorbis: bf7c407c2cedff20999df2af8eb42d56 -> 
========================================================================
Received Import Request.
  Time since last request: 41.477218 seconds.
  path: Assets/Materials/earth.mat
  artifactKey: Guid(3fd390187094547baaf5c9fd79577072) Importer(815301076,1909f56bfc062723c751e8b465ee728b)
Start importing Assets/Materials/earth.mat using Guid(3fd390187094547baaf5c9fd79577072) Importer(815301076,1909f56bfc062723c751e8b465ee728b)  -> (artifact id: 'df567716883d468dffd28ef0139cb21a') in 0.285618 seconds 
========================================================================
Received Prepare
Registering precompiled user dll's ...
Registered in 0.001466 seconds.
Begin MonoManager ReloadAssembly
Thread 0x16eecf000 may have been prematurely finalized
Symbol file LoadedFromMemory doesn't match image /Users/steve/repos/unity-craftii-kiosk/unity-craftii-kiosk/Library/PackageCache/com.unity.visualscripting@1.8.0/Editor/VisualScripting.Core/Dependencies/YamlDotNet/Unity.VisualScripting.YamlDotNet.dll
Symbol file LoadedFromMemory doesn't match image /Users/steve/repos/unity-craftii-kiosk/unity-craftii-kiosk/Library/PackageCache/com.unity.visualscripting@1.8.0/Editor/VisualScripting.Core/Dependencies/DotNetZip/Unity.VisualScripting.IonicZip.dll
Native extension for LinuxStandalone target not found
Native extension for WindowsStandalone target not found
Native extension for iOS target not found
Native extension for Android target not found
Native extension for OSXStandalone target not found
Native extension for WebGL target not found
Refreshing native plugins compatible for Editor in 0.45 ms, found 2 plugins.
Preloading 0 native plugins for Editor in 0.00 ms.
Mono: successfully reloaded assembly
- Completed reload, in  0.580 seconds
Domain Reload Profiling:
	ReloadAssembly (581ms)
		BeginReloadAssembly (70ms)
			ExecutionOrderSort (0ms)
			DisableScriptedObjects (2ms)
			BackupInstance (0ms)
			ReleaseScriptingObjects (0ms)
			CreateAndSetChildDomain (26ms)
		EndReloadAssembly (454ms)
			LoadAssemblies (29ms)
			RebuildTransferFunctionScriptingTraits (0ms)
			SetupTypeCache (167ms)
			ReleaseScriptCaches (1ms)
			RebuildScriptCaches (27ms)
			SetupLoadedEditorAssemblies (166ms)
				LogAssemblyErrors (0ms)
				InitializePlatformSupportModulesInManaged (19ms)
				SetLoadedEditorAssemblies (0ms)
				RefreshPlugins (0ms)
				BeforeProcessingInitializeOnLoad (37ms)
				ProcessInitializeOnLoadAttributes (99ms)
				ProcessInitializeOnLoadMethodAttributes (11ms)
				AfterProcessingInitializeOnLoad (1ms)
				EditorAssembliesLoaded (0ms)
			ExecutionOrderSort2 (0ms)
			AwakeInstancesAfterBackupRestoration (2ms)
Platform modules already initialized, skipping
Refreshing native plugins compatible for Editor in 0.61 ms, found 2 plugins.
Preloading 0 native plugins for Editor in 0.00 ms.
Unloading 3043 Unused Serialized files (Serialized files now loaded: 0)
Unloading 16 unused Assets / (22.0 KB). Loaded Objects now: 3581.
Memory consumption went from 117.9 MB to 117.9 MB.
Total: 2.050334 ms (FindLiveObjects: 0.097209 ms CreateObjectMapping: 0.035125 ms MarkObjects: 1.894292 ms  DeleteObjects: 0.023125 ms)

AssetImportParameters requested are different than current active one (requested -> active):
  custom:video-decoder-ogg-theora: a1e56fd34408186e4bbccfd4996cb3dc -> 
  custom:container-muxer-webm: aa71ff27fc2769a1b78a27578f13a17b -> 
  custom:container-demuxer-webm: 4f35f7cbe854078d1ac9338744f61a02 -> 
  custom:video-encoder-webm-vp8: eb34c28f22e8b96e1ab97ce403110664 -> 
  custom:framework-osx-AVFoundation: e770b220cccbd017edd2c1fefb359320 -> 
  custom:audio-encoder-webm-vorbis: bf7c407c2cedff20999df2af8eb42d56 -> 
  custom:container-demuxer-ogg: 62fdf1f143b41e24485cea50d1cbac27 -> 
  custom:video-decoder-webm-vp8: 9c59270c3fd7afecdb556c50c9e8de78 -> 
  custom:audio-decoder-ogg-vorbis: bf7c407c2cedff20999df2af8eb42d56 -> 
========================================================================
Received Import Request.
  Time since last request: 1374.941273 seconds.
  path: Assets/Materials/mars-texture.png
  artifactKey: Guid(db3abba6bf05a44b486b36c87f5418e7) Importer(815301076,1909f56bfc062723c751e8b465ee728b)
Start importing Assets/Materials/mars-texture.png using Guid(db3abba6bf05a44b486b36c87f5418e7) Importer(815301076,1909f56bfc062723c751e8b465ee728b)  -> (artifact id: '65d2430bf2f53fea1c538c0156155459') in 0.026228 seconds 
========================================================================
Received Import Request.
  Time since last request: 10.907382 seconds.
  path: Assets/Materials/mars.mat
  artifactKey: Guid(3e8b4eada552b44fe9973ff1afa1398f) Importer(815301076,1909f56bfc062723c751e8b465ee728b)
Start importing Assets/Materials/mars.mat using Guid(3e8b4eada552b44fe9973ff1afa1398f) Importer(815301076,1909f56bfc062723c751e8b465ee728b)  -> (artifact id: '513866b3f60120e756889ad32a45d30c') in 0.026269 seconds 
========================================================================
Received Import Request.
  Time since last request: 9.598040 seconds.
  path: Assets/Materials/mars.mat
  artifactKey: Guid(3e8b4eada552b44fe9973ff1afa1398f) Importer(815301076,1909f56bfc062723c751e8b465ee728b)
Start importing Assets/Materials/mars.mat using Guid(3e8b4eada552b44fe9973ff1afa1398f) Importer(815301076,1909f56bfc062723c751e8b465ee728b)  -> (artifact id: 'c2905cfa842c5f0bd617a6c694bcf88c') in 0.005478 seconds 
========================================================================
Received Import Request.
  Time since last request: 6.522239 seconds.
  path: Assets/Materials/mercury.mat
  artifactKey: Guid(16c5eb77657024a1a8b3b83fd0eb6bc5) Importer(815301076,1909f56bfc062723c751e8b465ee728b)
Start importing Assets/Materials/mercury.mat using Guid(16c5eb77657024a1a8b3b83fd0eb6bc5) Importer(815301076,1909f56bfc062723c751e8b465ee728b)  -> (artifact id: '1f469f4f9df0b17d3b72097f8b869c2a') in 0.005104 seconds 
========================================================================
Received Import Request.
  Time since last request: 14.389354 seconds.
  path: Assets/Materials/venus.mat
  artifactKey: Guid(bb4538d7f1a2d4acaa91c8a9b0d619b6) Importer(815301076,1909f56bfc062723c751e8b465ee728b)
Start importing Assets/Materials/venus.mat using Guid(bb4538d7f1a2d4acaa91c8a9b0d619b6) Importer(815301076,1909f56bfc062723c751e8b465ee728b)  -> (artifact id: '39bc1cd046ece52bb83b2530dd9f040a') in 0.005283 seconds 
========================================================================
Received Import Request.
  Time since last request: 4.125740 seconds.
  path: Assets/Materials/mercury.mat
  artifactKey: Guid(16c5eb77657024a1a8b3b83fd0eb6bc5) Importer(815301076,1909f56bfc062723c751e8b465ee728b)
Start importing Assets/Materials/mercury.mat using Guid(16c5eb77657024a1a8b3b83fd0eb6bc5) Importer(815301076,1909f56bfc062723c751e8b465ee728b)  -> (artifact id: '94991692df45c8cec499615d19b39509') in 0.005539 seconds 
========================================================================
Received Prepare
Registering precompiled user dll's ...
Registered in 0.001417 seconds.
Begin MonoManager ReloadAssembly
Thread 0x31161f000 may have been prematurely finalized
Symbol file LoadedFromMemory doesn't match image /Users/steve/repos/unity-craftii-kiosk/unity-craftii-kiosk/Library/PackageCache/com.unity.visualscripting@1.8.0/Editor/VisualScripting.Core/Dependencies/YamlDotNet/Unity.VisualScripting.YamlDotNet.dll
Symbol file LoadedFromMemory doesn't match image /Users/steve/repos/unity-craftii-kiosk/unity-craftii-kiosk/Library/PackageCache/com.unity.visualscripting@1.8.0/Editor/VisualScripting.Core/Dependencies/DotNetZip/Unity.VisualScripting.IonicZip.dll
Native extension for LinuxStandalone target not found
Native extension for WindowsStandalone target not found
Native extension for iOS target not found
Native extension for Android target not found
Native extension for OSXStandalone target not found
Native extension for WebGL target not found
Refreshing native plugins compatible for Editor in 0.38 ms, found 2 plugins.
Preloading 0 native plugins for Editor in 0.00 ms.
Mono: successfully reloaded assembly
- Completed reload, in  0.558 seconds
Domain Reload Profiling:
	ReloadAssembly (558ms)
		BeginReloadAssembly (75ms)
			ExecutionOrderSort (0ms)
			DisableScriptedObjects (2ms)
			BackupInstance (0ms)
			ReleaseScriptingObjects (0ms)
			CreateAndSetChildDomain (29ms)
		EndReloadAssembly (427ms)
			LoadAssemblies (32ms)
			RebuildTransferFunctionScriptingTraits (0ms)
			SetupTypeCache (162ms)
			ReleaseScriptCaches (1ms)
			RebuildScriptCaches (25ms)
			SetupLoadedEditorAssemblies (154ms)
				LogAssemblyErrors (0ms)
				InitializePlatformSupportModulesInManaged (18ms)
				SetLoadedEditorAssemblies (0ms)
				RefreshPlugins (0ms)
				BeforeProcessingInitializeOnLoad (36ms)
				ProcessInitializeOnLoadAttributes (90ms)
				ProcessInitializeOnLoadMethodAttributes (9ms)
				AfterProcessingInitializeOnLoad (1ms)
				EditorAssembliesLoaded (0ms)
			ExecutionOrderSort2 (0ms)
			AwakeInstancesAfterBackupRestoration (2ms)
Platform modules already initialized, skipping
Refreshing native plugins compatible for Editor in 0.72 ms, found 2 plugins.
Preloading 0 native plugins for Editor in 0.00 ms.
Unloading 3043 Unused Serialized files (Serialized files now loaded: 0)
Unloading 16 unused Assets / (22.0 KB). Loaded Objects now: 3584.
Memory consumption went from 117.9 MB to 117.9 MB.
Total: 2.044250 ms (FindLiveObjects: 0.089667 ms CreateObjectMapping: 0.037250 ms MarkObjects: 1.905000 ms  DeleteObjects: 0.011917 ms)

AssetImportParameters requested are different than current active one (requested -> active):
  custom:video-decoder-ogg-theora: a1e56fd34408186e4bbccfd4996cb3dc -> 
  custom:container-muxer-webm: aa71ff27fc2769a1b78a27578f13a17b -> 
  custom:container-demuxer-webm: 4f35f7cbe854078d1ac9338744f61a02 -> 
  custom:video-encoder-webm-vp8: eb34c28f22e8b96e1ab97ce403110664 -> 
  custom:framework-osx-AVFoundation: e770b220cccbd017edd2c1fefb359320 -> 
  custom:audio-encoder-webm-vorbis: bf7c407c2cedff20999df2af8eb42d56 -> 
  custom:container-demuxer-ogg: 62fdf1f143b41e24485cea50d1cbac27 -> 
  custom:video-decoder-webm-vp8: 9c59270c3fd7afecdb556c50c9e8de78 -> 
  custom:audio-decoder-ogg-vorbis: bf7c407c2cedff20999df2af8eb42d56 -> 
========================================================================
Received Prepare
Refreshing native plugins compatible for Editor in 3.52 ms, found 2 plugins.
Preloading 0 native plugins for Editor in 0.00 ms.
Unloading 16 Unused Serialized files (Serialized files now loaded: 0)
Unloading 16 unused Assets / (21.9 KB). Loaded Objects now: 3584.
Memory consumption went from 57.4 MB to 57.3 MB.
Total: 2.018583 ms (FindLiveObjects: 0.103417 ms CreateObjectMapping: 0.035333 ms MarkObjects: 1.866166 ms  DeleteObjects: 0.012917 ms)

AssetImportParameters requested are different than current active one (requested -> active):
  custom:video-decoder-ogg-theora: a1e56fd34408186e4bbccfd4996cb3dc -> 
  custom:container-muxer-webm: aa71ff27fc2769a1b78a27578f13a17b -> 
  custom:container-demuxer-webm: 4f35f7cbe854078d1ac9338744f61a02 -> 
  custom:video-encoder-webm-vp8: eb34c28f22e8b96e1ab97ce403110664 -> 
  custom:framework-osx-AVFoundation: e770b220cccbd017edd2c1fefb359320 -> 
  custom:audio-encoder-webm-vorbis: bf7c407c2cedff20999df2af8eb42d56 -> 
  custom:container-demuxer-ogg: 62fdf1f143b41e24485cea50d1cbac27 -> 
  custom:video-decoder-webm-vp8: 9c59270c3fd7afecdb556c50c9e8de78 -> 
  custom:audio-decoder-ogg-vorbis: bf7c407c2cedff20999df2af8eb42d56 -> 
========================================================================
Received Prepare
Registering precompiled user dll's ...
Registered in 0.001250 seconds.
Begin MonoManager ReloadAssembly
Thread 0x31161f000 may have been prematurely finalized
Symbol file LoadedFromMemory doesn't match image /Users/steve/repos/unity-craftii-kiosk/unity-craftii-kiosk/Library/PackageCache/com.unity.visualscripting@1.8.0/Editor/VisualScripting.Core/Dependencies/YamlDotNet/Unity.VisualScripting.YamlDotNet.dll
Symbol file LoadedFromMemory doesn't match image /Users/steve/repos/unity-craftii-kiosk/unity-craftii-kiosk/Library/PackageCache/com.unity.visualscripting@1.8.0/Editor/VisualScripting.Core/Dependencies/DotNetZip/Unity.VisualScripting.IonicZip.dll
Native extension for LinuxStandalone target not found
Native extension for WindowsStandalone target not found
Native extension for iOS target not found
Native extension for Android target not found
Native extension for OSXStandalone target not found
Native extension for WebGL target not found
Refreshing native plugins compatible for Editor in 0.40 ms, found 2 plugins.
Preloading 0 native plugins for Editor in 0.00 ms.
Mono: successfully reloaded assembly
- Completed reload, in  0.572 seconds
Domain Reload Profiling:
	ReloadAssembly (573ms)
		BeginReloadAssembly (82ms)
			ExecutionOrderSort (0ms)
			DisableScriptedObjects (3ms)
			BackupInstance (0ms)
			ReleaseScriptingObjects (0ms)
			CreateAndSetChildDomain (32ms)
		EndReloadAssembly (433ms)
			LoadAssemblies (35ms)
			RebuildTransferFunctionScriptingTraits (0ms)
			SetupTypeCache (164ms)
			ReleaseScriptCaches (1ms)
			RebuildScriptCaches (25ms)
			SetupLoadedEditorAssemblies (154ms)
				LogAssemblyErrors (0ms)
				InitializePlatformSupportModulesInManaged (18ms)
				SetLoadedEditorAssemblies (0ms)
				RefreshPlugins (0ms)
				BeforeProcessingInitializeOnLoad (35ms)
				ProcessInitializeOnLoadAttributes (90ms)
				ProcessInitializeOnLoadMethodAttributes (9ms)
				AfterProcessingInitializeOnLoad (1ms)
				EditorAssembliesLoaded (0ms)
			ExecutionOrderSort2 (0ms)
			AwakeInstancesAfterBackupRestoration (2ms)
Platform modules already initialized, skipping
Refreshing native plugins compatible for Editor in 0.64 ms, found 2 plugins.
Preloading 0 native plugins for Editor in 0.00 ms.
Unloading 3043 Unused Serialized files (Serialized files now loaded: 0)
Unloading 16 unused Assets / (22.0 KB). Loaded Objects now: 3587.
Memory consumption went from 118.0 MB to 117.9 MB.
Total: 1.933125 ms (FindLiveObjects: 0.086083 ms CreateObjectMapping: 0.035208 ms MarkObjects: 1.798917 ms  DeleteObjects: 0.012375 ms)

AssetImportParameters requested are different than current active one (requested -> active):
  custom:video-decoder-ogg-theora: a1e56fd34408186e4bbccfd4996cb3dc -> 
  custom:container-muxer-webm: aa71ff27fc2769a1b78a27578f13a17b -> 
  custom:container-demuxer-webm: 4f35f7cbe854078d1ac9338744f61a02 -> 
  custom:video-encoder-webm-vp8: eb34c28f22e8b96e1ab97ce403110664 -> 
  custom:framework-osx-AVFoundation: e770b220cccbd017edd2c1fefb359320 -> 
  custom:audio-encoder-webm-vorbis: bf7c407c2cedff20999df2af8eb42d56 -> 
  custom:container-demuxer-ogg: 62fdf1f143b41e24485cea50d1cbac27 -> 
  custom:video-decoder-webm-vp8: 9c59270c3fd7afecdb556c50c9e8de78 -> 
  custom:audio-decoder-ogg-vorbis: bf7c407c2cedff20999df2af8eb42d56 -> 
========================================================================
Received Prepare
Registering precompiled user dll's ...
Registered in 0.001559 seconds.
Begin MonoManager ReloadAssembly
Thread 0x31161f000 may have been prematurely finalized
Symbol file LoadedFromMemory doesn't match image /Users/steve/repos/unity-craftii-kiosk/unity-craftii-kiosk/Library/PackageCache/com.unity.visualscripting@1.8.0/Editor/VisualScripting.Core/Dependencies/YamlDotNet/Unity.VisualScripting.YamlDotNet.dll
Symbol file LoadedFromMemory doesn't match image /Users/steve/repos/unity-craftii-kiosk/unity-craftii-kiosk/Library/PackageCache/com.unity.visualscripting@1.8.0/Editor/VisualScripting.Core/Dependencies/DotNetZip/Unity.VisualScripting.IonicZip.dll
Native extension for LinuxStandalone target not found
Native extension for WindowsStandalone target not found
Native extension for iOS target not found
Native extension for Android target not found
Native extension for OSXStandalone target not found
Native extension for WebGL target not found
Refreshing native plugins compatible for Editor in 0.35 ms, found 2 plugins.
Preloading 0 native plugins for Editor in 0.00 ms.
Mono: successfully reloaded assembly
- Completed reload, in  0.581 seconds
Domain Reload Profiling:
	ReloadAssembly (581ms)
		BeginReloadAssembly (73ms)
			ExecutionOrderSort (0ms)
			DisableScriptedObjects (3ms)
			BackupInstance (0ms)
			ReleaseScriptingObjects (0ms)
			CreateAndSetChildDomain (26ms)
		EndReloadAssembly (452ms)
			LoadAssemblies (30ms)
			RebuildTransferFunctionScriptingTraits (0ms)
			SetupTypeCache (166ms)
			ReleaseScriptCaches (1ms)
			RebuildScriptCaches (27ms)
			SetupLoadedEditorAssemblies (166ms)
				LogAssemblyErrors (0ms)
				InitializePlatformSupportModulesInManaged (19ms)
				SetLoadedEditorAssemblies (0ms)
				RefreshPlugins (0ms)
				BeforeProcessingInitializeOnLoad (36ms)
				ProcessInitializeOnLoadAttributes (99ms)
				ProcessInitializeOnLoadMethodAttributes (10ms)
				AfterProcessingInitializeOnLoad (1ms)
				EditorAssembliesLoaded (0ms)
			ExecutionOrderSort2 (0ms)
			AwakeInstancesAfterBackupRestoration (2ms)
Platform modules already initialized, skipping
Refreshing native plugins compatible for Editor in 0.73 ms, found 2 plugins.
Preloading 0 native plugins for Editor in 0.00 ms.
Unloading 3043 Unused Serialized files (Serialized files now loaded: 0)
Unloading 16 unused Assets / (22.0 KB). Loaded Objects now: 3590.
Memory consumption went from 118.0 MB to 117.9 MB.
Total: 2.288208 ms (FindLiveObjects: 0.109042 ms CreateObjectMapping: 0.042833 ms MarkObjects: 2.117458 ms  DeleteObjects: 0.018291 ms)

AssetImportParameters requested are different than current active one (requested -> active):
  custom:video-decoder-ogg-theora: a1e56fd34408186e4bbccfd4996cb3dc -> 
  custom:container-muxer-webm: aa71ff27fc2769a1b78a27578f13a17b -> 
  custom:container-demuxer-webm: 4f35f7cbe854078d1ac9338744f61a02 -> 
  custom:video-encoder-webm-vp8: eb34c28f22e8b96e1ab97ce403110664 -> 
  custom:framework-osx-AVFoundation: e770b220cccbd017edd2c1fefb359320 -> 
  custom:audio-encoder-webm-vorbis: bf7c407c2cedff20999df2af8eb42d56 -> 
  custom:container-demuxer-ogg: 62fdf1f143b41e24485cea50d1cbac27 -> 
  custom:video-decoder-webm-vp8: 9c59270c3fd7afecdb556c50c9e8de78 -> 
  custom:audio-decoder-ogg-vorbis: bf7c407c2cedff20999df2af8eb42d56 -> 
========================================================================
Received Prepare
Registering precompiled user dll's ...
Registered in 0.001383 seconds.
Begin MonoManager ReloadAssembly
Thread 0x31161f000 may have been prematurely finalized
Symbol file LoadedFromMemory doesn't match image /Users/steve/repos/unity-craftii-kiosk/unity-craftii-kiosk/Library/PackageCache/com.unity.visualscripting@1.8.0/Editor/VisualScripting.Core/Dependencies/YamlDotNet/Unity.VisualScripting.YamlDotNet.dll
Symbol file LoadedFromMemory doesn't match image /Users/steve/repos/unity-craftii-kiosk/unity-craftii-kiosk/Library/PackageCache/com.unity.visualscripting@1.8.0/Editor/VisualScripting.Core/Dependencies/DotNetZip/Unity.VisualScripting.IonicZip.dll
Native extension for LinuxStandalone target not found
Native extension for WindowsStandalone target not found
Native extension for iOS target not found
Native extension for Android target not found
Native extension for OSXStandalone target not found
Native extension for WebGL target not found
Refreshing native plugins compatible for Editor in 0.37 ms, found 2 plugins.
Preloading 0 native plugins for Editor in 0.00 ms.
Mono: successfully reloaded assembly
- Completed reload, in  0.571 seconds
Domain Reload Profiling:
	ReloadAssembly (571ms)
		BeginReloadAssembly (73ms)
			ExecutionOrderSort (0ms)
			DisableScriptedObjects (3ms)
			BackupInstance (0ms)
			ReleaseScriptingObjects (0ms)
			CreateAndSetChildDomain (26ms)
		EndReloadAssembly (441ms)
			LoadAssemblies (32ms)
			RebuildTransferFunctionScriptingTraits (0ms)
			SetupTypeCache (168ms)
			ReleaseScriptCaches (1ms)
			RebuildScriptCaches (26ms)
			SetupLoadedEditorAssemblies (158ms)
				LogAssemblyErrors (0ms)
				InitializePlatformSupportModulesInManaged (18ms)
				SetLoadedEditorAssemblies (0ms)
				RefreshPlugins (0ms)
				BeforeProcessingInitializeOnLoad (35ms)
				ProcessInitializeOnLoadAttributes (92ms)
				ProcessInitializeOnLoadMethodAttributes (10ms)
				AfterProcessingInitializeOnLoad (1ms)
				EditorAssembliesLoaded (0ms)
			ExecutionOrderSort2 (0ms)
			AwakeInstancesAfterBackupRestoration (2ms)
Platform modules already initialized, skipping
Refreshing native plugins compatible for Editor in 0.64 ms, found 2 plugins.
Preloading 0 native plugins for Editor in 0.00 ms.
Unloading 3043 Unused Serialized files (Serialized files now loaded: 0)
Unloading 16 unused Assets / (22.1 KB). Loaded Objects now: 3593.
Memory consumption went from 118.0 MB to 118.0 MB.
Total: 1.953958 ms (FindLiveObjects: 0.094334 ms CreateObjectMapping: 0.033834 ms MarkObjects: 1.811875 ms  DeleteObjects: 0.013666 ms)

AssetImportParameters requested are different than current active one (requested -> active):
  custom:video-decoder-ogg-theora: a1e56fd34408186e4bbccfd4996cb3dc -> 
  custom:container-muxer-webm: aa71ff27fc2769a1b78a27578f13a17b -> 
  custom:container-demuxer-webm: 4f35f7cbe854078d1ac9338744f61a02 -> 
  custom:video-encoder-webm-vp8: eb34c28f22e8b96e1ab97ce403110664 -> 
  custom:framework-osx-AVFoundation: e770b220cccbd017edd2c1fefb359320 -> 
  custom:audio-encoder-webm-vorbis: bf7c407c2cedff20999df2af8eb42d56 -> 
  custom:container-demuxer-ogg: 62fdf1f143b41e24485cea50d1cbac27 -> 
  custom:video-decoder-webm-vp8: 9c59270c3fd7afecdb556c50c9e8de78 -> 
  custom:audio-decoder-ogg-vorbis: bf7c407c2cedff20999df2af8eb42d56 -> 
========================================================================
Received Prepare
Registering precompiled user dll's ...
Registered in 0.001338 seconds.
Begin MonoManager ReloadAssembly
Thread 0x31161f000 may have been prematurely finalized
Symbol file LoadedFromMemory doesn't match image /Users/steve/repos/unity-craftii-kiosk/unity-craftii-kiosk/Library/PackageCache/com.unity.visualscripting@1.8.0/Editor/VisualScripting.Core/Dependencies/YamlDotNet/Unity.VisualScripting.YamlDotNet.dll
Symbol file LoadedFromMemory doesn't match image /Users/steve/repos/unity-craftii-kiosk/unity-craftii-kiosk/Library/PackageCache/com.unity.visualscripting@1.8.0/Editor/VisualScripting.Core/Dependencies/DotNetZip/Unity.VisualScripting.IonicZip.dll
Native extension for LinuxStandalone target not found
Native extension for WindowsStandalone target not found
Native extension for iOS target not found
Native extension for Android target not found
Native extension for OSXStandalone target not found
Native extension for WebGL target not found
Refreshing native plugins compatible for Editor in 0.31 ms, found 2 plugins.
Preloading 0 native plugins for Editor in 0.00 ms.
Mono: successfully reloaded assembly
- Completed reload, in  0.587 seconds
Domain Reload Profiling:
	ReloadAssembly (587ms)
		BeginReloadAssembly (75ms)
			ExecutionOrderSort (0ms)
			DisableScriptedObjects (3ms)
			BackupInstance (0ms)
			ReleaseScriptingObjects (0ms)
			CreateAndSetChildDomain (27ms)
		EndReloadAssembly (456ms)
			LoadAssemblies (32ms)
			RebuildTransferFunctionScriptingTraits (0ms)
			SetupTypeCache (170ms)
			ReleaseScriptCaches (1ms)
			RebuildScriptCaches (28ms)
			SetupLoadedEditorAssemblies (165ms)
				LogAssemblyErrors (0ms)
				InitializePlatformSupportModulesInManaged (20ms)
				SetLoadedEditorAssemblies (0ms)
				RefreshPlugins (0ms)
				BeforeProcessingInitializeOnLoad (37ms)
				ProcessInitializeOnLoadAttributes (96ms)
				ProcessInitializeOnLoadMethodAttributes (10ms)
				AfterProcessingInitializeOnLoad (1ms)
				EditorAssembliesLoaded (0ms)
			ExecutionOrderSort2 (0ms)
			AwakeInstancesAfterBackupRestoration (2ms)
Platform modules already initialized, skipping
Refreshing native plugins compatible for Editor in 0.71 ms, found 2 plugins.
Preloading 0 native plugins for Editor in 0.00 ms.
Unloading 3043 Unused Serialized files (Serialized files now loaded: 0)
Unloading 16 unused Assets / (22.0 KB). Loaded Objects now: 3596.
Memory consumption went from 118.0 MB to 118.0 MB.
Total: 2.083750 ms (FindLiveObjects: 0.098292 ms CreateObjectMapping: 0.036000 ms MarkObjects: 1.935041 ms  DeleteObjects: 0.013750 ms)

AssetImportParameters requested are different than current active one (requested -> active):
  custom:video-decoder-ogg-theora: a1e56fd34408186e4bbccfd4996cb3dc -> 
  custom:container-muxer-webm: aa71ff27fc2769a1b78a27578f13a17b -> 
  custom:container-demuxer-webm: 4f35f7cbe854078d1ac9338744f61a02 -> 
  custom:video-encoder-webm-vp8: eb34c28f22e8b96e1ab97ce403110664 -> 
  custom:framework-osx-AVFoundation: e770b220cccbd017edd2c1fefb359320 -> 
  custom:audio-encoder-webm-vorbis: bf7c407c2cedff20999df2af8eb42d56 -> 
  custom:container-demuxer-ogg: 62fdf1f143b41e24485cea50d1cbac27 -> 
  custom:video-decoder-webm-vp8: 9c59270c3fd7afecdb556c50c9e8de78 -> 
  custom:audio-decoder-ogg-vorbis: bf7c407c2cedff20999df2af8eb42d56 -> 
========================================================================
Received Import Request.
  Time since last request: 1991.271173 seconds.
  path: Assets/TextMesh Pro/Resources/Fonts & Materials/LiberationSans SDF - Fallback.asset
  artifactKey: Guid(2e498d1c8094910479dc3e1b768306a4) Importer(815301076,1909f56bfc062723c751e8b465ee728b)
Start importing Assets/TextMesh Pro/Resources/Fonts & Materials/LiberationSans SDF - Fallback.asset using Guid(2e498d1c8094910479dc3e1b768306a4) Importer(815301076,1909f56bfc062723c751e8b465ee728b)  -> (artifact id: 'e14a9ceece2dc4e16a6767a1f9fced0d') in 0.051647 seconds 
========================================================================
Received Prepare
Registering precompiled user dll's ...
Registered in 0.001465 seconds.
Begin MonoManager ReloadAssembly
Thread 0x31161f000 may have been prematurely finalized
Symbol file LoadedFromMemory doesn't match image /Users/steve/repos/unity-craftii-kiosk/unity-craftii-kiosk/Library/PackageCache/com.unity.visualscripting@1.8.0/Editor/VisualScripting.Core/Dependencies/YamlDotNet/Unity.VisualScripting.YamlDotNet.dll
Symbol file LoadedFromMemory doesn't match image /Users/steve/repos/unity-craftii-kiosk/unity-craftii-kiosk/Library/PackageCache/com.unity.visualscripting@1.8.0/Editor/VisualScripting.Core/Dependencies/DotNetZip/Unity.VisualScripting.IonicZip.dll
Native extension for LinuxStandalone target not found
Native extension for WindowsStandalone target not found
Native extension for iOS target not found
Native extension for Android target not found
Native extension for OSXStandalone target not found
Native extension for WebGL target not found
Refreshing native plugins compatible for Editor in 0.37 ms, found 2 plugins.
Preloading 0 native plugins for Editor in 0.00 ms.
Mono: successfully reloaded assembly
- Completed reload, in  0.579 seconds
Domain Reload Profiling:
	ReloadAssembly (579ms)
		BeginReloadAssembly (75ms)
			ExecutionOrderSort (0ms)
			DisableScriptedObjects (2ms)
			BackupInstance (0ms)
			ReleaseScriptingObjects (0ms)
			CreateAndSetChildDomain (29ms)
		EndReloadAssembly (448ms)
			LoadAssemblies (31ms)
			RebuildTransferFunctionScriptingTraits (0ms)
			SetupTypeCache (167ms)
			ReleaseScriptCaches (1ms)
			RebuildScriptCaches (27ms)
			SetupLoadedEditorAssemblies (165ms)
				LogAssemblyErrors (0ms)
				InitializePlatformSupportModulesInManaged (18ms)
				SetLoadedEditorAssemblies (0ms)
				RefreshPlugins (0ms)
				BeforeProcessingInitializeOnLoad (36ms)
				ProcessInitializeOnLoadAttributes (99ms)
				ProcessInitializeOnLoadMethodAttributes (11ms)
				AfterProcessingInitializeOnLoad (1ms)
				EditorAssembliesLoaded (0ms)
			ExecutionOrderSort2 (0ms)
			AwakeInstancesAfterBackupRestoration (2ms)
Platform modules already initialized, skipping
Refreshing native plugins compatible for Editor in 0.79 ms, found 2 plugins.
Preloading 0 native plugins for Editor in 0.00 ms.
Unloading 3043 Unused Serialized files (Serialized files now loaded: 0)
Unloading 16 unused Assets / (22.0 KB). Loaded Objects now: 3600.
Memory consumption went from 118.0 MB to 118.0 MB.
Total: 2.161875 ms (FindLiveObjects: 0.113209 ms CreateObjectMapping: 0.037583 ms MarkObjects: 1.974542 ms  DeleteObjects: 0.036000 ms)

AssetImportParameters requested are different than current active one (requested -> active):
  custom:video-decoder-ogg-theora: a1e56fd34408186e4bbccfd4996cb3dc -> 
  custom:container-muxer-webm: aa71ff27fc2769a1b78a27578f13a17b -> 
  custom:container-demuxer-webm: 4f35f7cbe854078d1ac9338744f61a02 -> 
  custom:video-encoder-webm-vp8: eb34c28f22e8b96e1ab97ce403110664 -> 
  custom:framework-osx-AVFoundation: e770b220cccbd017edd2c1fefb359320 -> 
  custom:audio-encoder-webm-vorbis: bf7c407c2cedff20999df2af8eb42d56 -> 
  custom:container-demuxer-ogg: 62fdf1f143b41e24485cea50d1cbac27 -> 
  custom:video-decoder-webm-vp8: 9c59270c3fd7afecdb556c50c9e8de78 -> 
  custom:audio-decoder-ogg-vorbis: bf7c407c2cedff20999df2af8eb42d56 -> 
========================================================================
Received Prepare
Registering precompiled user dll's ...
Registered in 0.001504 seconds.
Begin MonoManager ReloadAssembly
Thread 0x16ef5b000 may have been prematurely finalized
Symbol file LoadedFromMemory doesn't match image /Users/steve/repos/unity-craftii-kiosk/unity-craftii-kiosk/Library/PackageCache/com.unity.visualscripting@1.8.0/Editor/VisualScripting.Core/Dependencies/YamlDotNet/Unity.VisualScripting.YamlDotNet.dll
Symbol file LoadedFromMemory doesn't match image /Users/steve/repos/unity-craftii-kiosk/unity-craftii-kiosk/Library/PackageCache/com.unity.visualscripting@1.8.0/Editor/VisualScripting.Core/Dependencies/DotNetZip/Unity.VisualScripting.IonicZip.dll
Native extension for LinuxStandalone target not found
Native extension for WindowsStandalone target not found
Native extension for iOS target not found
Native extension for Android target not found
Native extension for OSXStandalone target not found
Native extension for WebGL target not found
Refreshing native plugins compatible for Editor in 0.29 ms, found 2 plugins.
Preloading 0 native plugins for Editor in 0.00 ms.
Mono: successfully reloaded assembly
- Completed reload, in  0.575 seconds
Domain Reload Profiling:
	ReloadAssembly (575ms)
		BeginReloadAssembly (74ms)
			ExecutionOrderSort (0ms)
			DisableScriptedObjects (3ms)
			BackupInstance (0ms)
			ReleaseScriptingObjects (0ms)
			CreateAndSetChildDomain (27ms)
		EndReloadAssembly (444ms)
			LoadAssemblies (31ms)
			RebuildTransferFunctionScriptingTraits (0ms)
			SetupTypeCache (167ms)
			ReleaseScriptCaches (1ms)
			RebuildScriptCaches (26ms)
			SetupLoadedEditorAssemblies (160ms)
				LogAssemblyErrors (0ms)
				InitializePlatformSupportModulesInManaged (18ms)
				SetLoadedEditorAssemblies (0ms)
				RefreshPlugins (0ms)
				BeforeProcessingInitializeOnLoad (36ms)
				ProcessInitializeOnLoadAttributes (94ms)
				ProcessInitializeOnLoadMethodAttributes (10ms)
				AfterProcessingInitializeOnLoad (1ms)
				EditorAssembliesLoaded (0ms)
			ExecutionOrderSort2 (0ms)
			AwakeInstancesAfterBackupRestoration (2ms)
Platform modules already initialized, skipping
Refreshing native plugins compatible for Editor in 0.58 ms, found 2 plugins.
Preloading 0 native plugins for Editor in 0.00 ms.
Unloading 3043 Unused Serialized files (Serialized files now loaded: 0)
Unloading 16 unused Assets / (22.0 KB). Loaded Objects now: 3603.
Memory consumption went from 118.0 MB to 118.0 MB.
Total: 2.067250 ms (FindLiveObjects: 0.107292 ms CreateObjectMapping: 0.036791 ms MarkObjects: 1.909792 ms  DeleteObjects: 0.012916 ms)

AssetImportParameters requested are different than current active one (requested -> active):
  custom:video-decoder-ogg-theora: a1e56fd34408186e4bbccfd4996cb3dc -> 
  custom:container-muxer-webm: aa71ff27fc2769a1b78a27578f13a17b -> 
  custom:container-demuxer-webm: 4f35f7cbe854078d1ac9338744f61a02 -> 
  custom:video-encoder-webm-vp8: eb34c28f22e8b96e1ab97ce403110664 -> 
  custom:framework-osx-AVFoundation: e770b220cccbd017edd2c1fefb359320 -> 
  custom:audio-encoder-webm-vorbis: bf7c407c2cedff20999df2af8eb42d56 -> 
  custom:container-demuxer-ogg: 62fdf1f143b41e24485cea50d1cbac27 -> 
  custom:video-decoder-webm-vp8: 9c59270c3fd7afecdb556c50c9e8de78 -> 
  custom:audio-decoder-ogg-vorbis: bf7c407c2cedff20999df2af8eb42d56 -> 
========================================================================
Received Prepare
Registering precompiled user dll's ...
Registered in 0.001498 seconds.
Begin MonoManager ReloadAssembly
Thread 0x31161f000 may have been prematurely finalized
Symbol file LoadedFromMemory doesn't match image /Users/steve/repos/unity-craftii-kiosk/unity-craftii-kiosk/Library/PackageCache/com.unity.visualscripting@1.8.0/Editor/VisualScripting.Core/Dependencies/YamlDotNet/Unity.VisualScripting.YamlDotNet.dll
Symbol file LoadedFromMemory doesn't match image /Users/steve/repos/unity-craftii-kiosk/unity-craftii-kiosk/Library/PackageCache/com.unity.visualscripting@1.8.0/Editor/VisualScripting.Core/Dependencies/DotNetZip/Unity.VisualScripting.IonicZip.dll
Native extension for LinuxStandalone target not found
Native extension for WindowsStandalone target not found
Native extension for iOS target not found
Native extension for Android target not found
Native extension for OSXStandalone target not found
Native extension for WebGL target not found
Refreshing native plugins compatible for Editor in 0.42 ms, found 2 plugins.
Preloading 0 native plugins for Editor in 0.00 ms.
Mono: successfully reloaded assembly
- Completed reload, in  0.562 seconds
Domain Reload Profiling:
	ReloadAssembly (563ms)
		BeginReloadAssembly (76ms)
			ExecutionOrderSort (0ms)
			DisableScriptedObjects (3ms)
			BackupInstance (0ms)
			ReleaseScriptingObjects (0ms)
			CreateAndSetChildDomain (30ms)
		EndReloadAssembly (430ms)
			LoadAssemblies (32ms)
			RebuildTransferFunctionScriptingTraits (0ms)
			SetupTypeCache (163ms)
			ReleaseScriptCaches (1ms)
			RebuildScriptCaches (26ms)
			SetupLoadedEditorAssemblies (152ms)
				LogAssemblyErrors (0ms)
				InitializePlatformSupportModulesInManaged (18ms)
				SetLoadedEditorAssemblies (0ms)
				RefreshPlugins (0ms)
				BeforeProcessingInitializeOnLoad (34ms)
				ProcessInitializeOnLoadAttributes (89ms)
				ProcessInitializeOnLoadMethodAttributes (10ms)
				AfterProcessingInitializeOnLoad (1ms)
				EditorAssembliesLoaded (0ms)
			ExecutionOrderSort2 (0ms)
			AwakeInstancesAfterBackupRestoration (2ms)
Platform modules already initialized, skipping
Refreshing native plugins compatible for Editor in 0.60 ms, found 2 plugins.
Preloading 0 native plugins for Editor in 0.00 ms.
Unloading 3043 Unused Serialized files (Serialized files now loaded: 0)
Unloading 16 unused Assets / (22.0 KB). Loaded Objects now: 3606.
Memory consumption went from 118.0 MB to 118.0 MB.
Total: 1.941041 ms (FindLiveObjects: 0.108875 ms CreateObjectMapping: 0.036084 ms MarkObjects: 1.784791 ms  DeleteObjects: 0.010958 ms)

AssetImportParameters requested are different than current active one (requested -> active):
  custom:video-decoder-ogg-theora: a1e56fd34408186e4bbccfd4996cb3dc -> 
  custom:container-muxer-webm: aa71ff27fc2769a1b78a27578f13a17b -> 
  custom:container-demuxer-webm: 4f35f7cbe854078d1ac9338744f61a02 -> 
  custom:video-encoder-webm-vp8: eb34c28f22e8b96e1ab97ce403110664 -> 
  custom:framework-osx-AVFoundation: e770b220cccbd017edd2c1fefb359320 -> 
  custom:audio-encoder-webm-vorbis: bf7c407c2cedff20999df2af8eb42d56 -> 
  custom:container-demuxer-ogg: 62fdf1f143b41e24485cea50d1cbac27 -> 
  custom:video-decoder-webm-vp8: 9c59270c3fd7afecdb556c50c9e8de78 -> 
  custom:audio-decoder-ogg-vorbis: bf7c407c2cedff20999df2af8eb42d56 -> 
========================================================================
Received Prepare
Registering precompiled user dll's ...
Registered in 0.001476 seconds.
Begin MonoManager ReloadAssembly
Thread 0x31161f000 may have been prematurely finalized
Symbol file LoadedFromMemory doesn't match image /Users/steve/repos/unity-craftii-kiosk/unity-craftii-kiosk/Library/PackageCache/com.unity.visualscripting@1.8.0/Editor/VisualScripting.Core/Dependencies/YamlDotNet/Unity.VisualScripting.YamlDotNet.dll
Symbol file LoadedFromMemory doesn't match image /Users/steve/repos/unity-craftii-kiosk/unity-craftii-kiosk/Library/PackageCache/com.unity.visualscripting@1.8.0/Editor/VisualScripting.Core/Dependencies/DotNetZip/Unity.VisualScripting.IonicZip.dll
Native extension for LinuxStandalone target not found
Native extension for WindowsStandalone target not found
Native extension for iOS target not found
Native extension for Android target not found
Native extension for OSXStandalone target not found
Native extension for WebGL target not found
Refreshing native plugins compatible for Editor in 0.35 ms, found 2 plugins.
Preloading 0 native plugins for Editor in 0.00 ms.
Mono: successfully reloaded assembly
- Completed reload, in  0.585 seconds
Domain Reload Profiling:
	ReloadAssembly (585ms)
		BeginReloadAssembly (76ms)
			ExecutionOrderSort (0ms)
			DisableScriptedObjects (3ms)
			BackupInstance (0ms)
			ReleaseScriptingObjects (0ms)
			CreateAndSetChildDomain (29ms)
		EndReloadAssembly (453ms)
			LoadAssemblies (31ms)
			RebuildTransferFunctionScriptingTraits (0ms)
			SetupTypeCache (170ms)
			ReleaseScriptCaches (1ms)
			RebuildScriptCaches (28ms)
			SetupLoadedEditorAssemblies (165ms)
				LogAssemblyErrors (0ms)
				InitializePlatformSupportModulesInManaged (19ms)
				SetLoadedEditorAssemblies (0ms)
				RefreshPlugins (0ms)
				BeforeProcessingInitializeOnLoad (37ms)
				ProcessInitializeOnLoadAttributes (98ms)
				ProcessInitializeOnLoadMethodAttributes (10ms)
				AfterProcessingInitializeOnLoad (1ms)
				EditorAssembliesLoaded (0ms)
			ExecutionOrderSort2 (0ms)
			AwakeInstancesAfterBackupRestoration (2ms)
Platform modules already initialized, skipping
Refreshing native plugins compatible for Editor in 0.66 ms, found 2 plugins.
Preloading 0 native plugins for Editor in 0.00 ms.
Unloading 3043 Unused Serialized files (Serialized files now loaded: 0)
Unloading 16 unused Assets / (22.0 KB). Loaded Objects now: 3609.
Memory consumption went from 118.0 MB to 118.0 MB.
Total: 2.015500 ms (FindLiveObjects: 0.094334 ms CreateObjectMapping: 0.034583 ms MarkObjects: 1.872166 ms  DeleteObjects: 0.013500 ms)

AssetImportParameters requested are different than current active one (requested -> active):
  custom:video-decoder-ogg-theora: a1e56fd34408186e4bbccfd4996cb3dc -> 
  custom:container-muxer-webm: aa71ff27fc2769a1b78a27578f13a17b -> 
  custom:container-demuxer-webm: 4f35f7cbe854078d1ac9338744f61a02 -> 
  custom:video-encoder-webm-vp8: eb34c28f22e8b96e1ab97ce403110664 -> 
  custom:framework-osx-AVFoundation: e770b220cccbd017edd2c1fefb359320 -> 
  custom:audio-encoder-webm-vorbis: bf7c407c2cedff20999df2af8eb42d56 -> 
  custom:container-demuxer-ogg: 62fdf1f143b41e24485cea50d1cbac27 -> 
  custom:video-decoder-webm-vp8: 9c59270c3fd7afecdb556c50c9e8de78 -> 
  custom:audio-decoder-ogg-vorbis: bf7c407c2cedff20999df2af8eb42d56 -> 
========================================================================
Received Prepare
Registering precompiled user dll's ...
Registered in 0.001620 seconds.
Begin MonoManager ReloadAssembly
Thread 0x31161f000 may have been prematurely finalized
Symbol file LoadedFromMemory doesn't match image /Users/steve/repos/unity-craftii-kiosk/unity-craftii-kiosk/Library/PackageCache/com.unity.visualscripting@1.8.0/Editor/VisualScripting.Core/Dependencies/YamlDotNet/Unity.VisualScripting.YamlDotNet.dll
Symbol file LoadedFromMemory doesn't match image /Users/steve/repos/unity-craftii-kiosk/unity-craftii-kiosk/Library/PackageCache/com.unity.visualscripting@1.8.0/Editor/VisualScripting.Core/Dependencies/DotNetZip/Unity.VisualScripting.IonicZip.dll
Native extension for LinuxStandalone target not found
Native extension for WindowsStandalone target not found
Native extension for iOS target not found
Native extension for Android target not found
Native extension for OSXStandalone target not found
Native extension for WebGL target not found
Refreshing native plugins compatible for Editor in 0.41 ms, found 2 plugins.
Preloading 0 native plugins for Editor in 0.00 ms.
Mono: successfully reloaded assembly
- Completed reload, in  0.582 seconds
Domain Reload Profiling:
	ReloadAssembly (582ms)
		BeginReloadAssembly (75ms)
			ExecutionOrderSort (0ms)
			DisableScriptedObjects (3ms)
			BackupInstance (0ms)
			ReleaseScriptingObjects (0ms)
			CreateAndSetChildDomain (26ms)
		EndReloadAssembly (451ms)
			LoadAssemblies (33ms)
			RebuildTransferFunctionScriptingTraits (0ms)
			SetupTypeCache (168ms)
			ReleaseScriptCaches (1ms)
			RebuildScriptCaches (28ms)
			SetupLoadedEditorAssemblies (163ms)
				LogAssemblyErrors (0ms)
				InitializePlatformSupportModulesInManaged (19ms)
				SetLoadedEditorAssemblies (0ms)
				RefreshPlugins (0ms)
				BeforeProcessingInitializeOnLoad (36ms)
				ProcessInitializeOnLoadAttributes (95ms)
				ProcessInitializeOnLoadMethodAttributes (10ms)
				AfterProcessingInitializeOnLoad (1ms)
				EditorAssembliesLoaded (0ms)
			ExecutionOrderSort2 (0ms)
			AwakeInstancesAfterBackupRestoration (2ms)
Platform modules already initialized, skipping
Refreshing native plugins compatible for Editor in 0.76 ms, found 2 plugins.
Preloading 0 native plugins for Editor in 0.00 ms.
Unloading 3043 Unused Serialized files (Serialized files now loaded: 0)
Unloading 16 unused Assets / (22.0 KB). Loaded Objects now: 3612.
Memory consumption went from 118.0 MB to 118.0 MB.
Total: 1.934708 ms (FindLiveObjects: 0.096375 ms CreateObjectMapping: 0.034125 ms MarkObjects: 1.792000 ms  DeleteObjects: 0.011792 ms)

AssetImportParameters requested are different than current active one (requested -> active):
  custom:video-decoder-ogg-theora: a1e56fd34408186e4bbccfd4996cb3dc -> 
  custom:container-muxer-webm: aa71ff27fc2769a1b78a27578f13a17b -> 
  custom:container-demuxer-webm: 4f35f7cbe854078d1ac9338744f61a02 -> 
  custom:video-encoder-webm-vp8: eb34c28f22e8b96e1ab97ce403110664 -> 
  custom:framework-osx-AVFoundation: e770b220cccbd017edd2c1fefb359320 -> 
  custom:audio-encoder-webm-vorbis: bf7c407c2cedff20999df2af8eb42d56 -> 
  custom:container-demuxer-ogg: 62fdf1f143b41e24485cea50d1cbac27 -> 
  custom:video-decoder-webm-vp8: 9c59270c3fd7afecdb556c50c9e8de78 -> 
  custom:audio-decoder-ogg-vorbis: bf7c407c2cedff20999df2af8eb42d56 -> 
========================================================================
Received Prepare
Registering precompiled user dll's ...
Registered in 0.001490 seconds.
Begin MonoManager ReloadAssembly
Thread 0x31161f000 may have been prematurely finalized
Symbol file LoadedFromMemory doesn't match image /Users/steve/repos/unity-craftii-kiosk/unity-craftii-kiosk/Library/PackageCache/com.unity.visualscripting@1.8.0/Editor/VisualScripting.Core/Dependencies/YamlDotNet/Unity.VisualScripting.YamlDotNet.dll
Symbol file LoadedFromMemory doesn't match image /Users/steve/repos/unity-craftii-kiosk/unity-craftii-kiosk/Library/PackageCache/com.unity.visualscripting@1.8.0/Editor/VisualScripting.Core/Dependencies/DotNetZip/Unity.VisualScripting.IonicZip.dll
Native extension for LinuxStandalone target not found
Native extension for WindowsStandalone target not found
Native extension for iOS target not found
Native extension for Android target not found
Native extension for OSXStandalone target not found
Native extension for WebGL target not found
Refreshing native plugins compatible for Editor in 0.27 ms, found 2 plugins.
Preloading 0 native plugins for Editor in 0.00 ms.
Mono: successfully reloaded assembly
- Completed reload, in  0.579 seconds
Domain Reload Profiling:
	ReloadAssembly (579ms)
		BeginReloadAssembly (79ms)
			ExecutionOrderSort (0ms)
			DisableScriptedObjects (3ms)
			BackupInstance (0ms)
			ReleaseScriptingObjects (0ms)
			CreateAndSetChildDomain (30ms)
		EndReloadAssembly (443ms)
			LoadAssemblies (33ms)
			RebuildTransferFunctionScriptingTraits (0ms)
			SetupTypeCache (170ms)
			ReleaseScriptCaches (1ms)
			RebuildScriptCaches (27ms)
			SetupLoadedEditorAssemblies (155ms)
				LogAssemblyErrors (0ms)
				InitializePlatformSupportModulesInManaged (19ms)
				SetLoadedEditorAssemblies (0ms)
				RefreshPlugins (0ms)
				BeforeProcessingInitializeOnLoad (35ms)
				ProcessInitializeOnLoadAttributes (90ms)
				ProcessInitializeOnLoadMethodAttributes (9ms)
				AfterProcessingInitializeOnLoad (1ms)
				EditorAssembliesLoaded (0ms)
			ExecutionOrderSort2 (0ms)
			AwakeInstancesAfterBackupRestoration (3ms)
Platform modules already initialized, skipping
Refreshing native plugins compatible for Editor in 0.59 ms, found 2 plugins.
Preloading 0 native plugins for Editor in 0.00 ms.
Unloading 3043 Unused Serialized files (Serialized files now loaded: 0)
Unloading 16 unused Assets / (22.0 KB). Loaded Objects now: 3615.
Memory consumption went from 118.0 MB to 118.0 MB.
Total: 2.064708 ms (FindLiveObjects: 0.115041 ms CreateObjectMapping: 0.039542 ms MarkObjects: 1.895834 ms  DeleteObjects: 0.013833 ms)

AssetImportParameters requested are different than current active one (requested -> active):
  custom:video-decoder-ogg-theora: a1e56fd34408186e4bbccfd4996cb3dc -> 
  custom:container-muxer-webm: aa71ff27fc2769a1b78a27578f13a17b -> 
  custom:container-demuxer-webm: 4f35f7cbe854078d1ac9338744f61a02 -> 
  custom:video-encoder-webm-vp8: eb34c28f22e8b96e1ab97ce403110664 -> 
  custom:framework-osx-AVFoundation: e770b220cccbd017edd2c1fefb359320 -> 
  custom:audio-encoder-webm-vorbis: bf7c407c2cedff20999df2af8eb42d56 -> 
  custom:container-demuxer-ogg: 62fdf1f143b41e24485cea50d1cbac27 -> 
  custom:video-decoder-webm-vp8: 9c59270c3fd7afecdb556c50c9e8de78 -> 
  custom:audio-decoder-ogg-vorbis: bf7c407c2cedff20999df2af8eb42d56 -> 
========================================================================
Received Prepare
Registering precompiled user dll's ...
Registered in 0.001624 seconds.
Begin MonoManager ReloadAssembly
Thread 0x31161f000 may have been prematurely finalized
Symbol file LoadedFromMemory doesn't match image /Users/steve/repos/unity-craftii-kiosk/unity-craftii-kiosk/Library/PackageCache/com.unity.visualscripting@1.8.0/Editor/VisualScripting.Core/Dependencies/YamlDotNet/Unity.VisualScripting.YamlDotNet.dll
Symbol file LoadedFromMemory doesn't match image /Users/steve/repos/unity-craftii-kiosk/unity-craftii-kiosk/Library/PackageCache/com.unity.visualscripting@1.8.0/Editor/VisualScripting.Core/Dependencies/DotNetZip/Unity.VisualScripting.IonicZip.dll
Native extension for LinuxStandalone target not found
Native extension for WindowsStandalone target not found
Native extension for iOS target not found
Native extension for Android target not found
Native extension for OSXStandalone target not found
Native extension for WebGL target not found
Refreshing native plugins compatible for Editor in 0.35 ms, found 2 plugins.
Preloading 0 native plugins for Editor in 0.00 ms.
Mono: successfully reloaded assembly
- Completed reload, in  0.581 seconds
Domain Reload Profiling:
	ReloadAssembly (582ms)
		BeginReloadAssembly (75ms)
			ExecutionOrderSort (0ms)
			DisableScriptedObjects (3ms)
			BackupInstance (0ms)
			ReleaseScriptingObjects (0ms)
			CreateAndSetChildDomain (27ms)
		EndReloadAssembly (450ms)
			LoadAssemblies (33ms)
			RebuildTransferFunctionScriptingTraits (0ms)
			SetupTypeCache (166ms)
			ReleaseScriptCaches (1ms)
			RebuildScriptCaches (27ms)
			SetupLoadedEditorAssemblies (164ms)
				LogAssemblyErrors (0ms)
				InitializePlatformSupportModulesInManaged (19ms)
				SetLoadedEditorAssemblies (0ms)
				RefreshPlugins (0ms)
				BeforeProcessingInitializeOnLoad (36ms)
				ProcessInitializeOnLoadAttributes (97ms)
				ProcessInitializeOnLoadMethodAttributes (10ms)
				AfterProcessingInitializeOnLoad (1ms)
				EditorAssembliesLoaded (0ms)
			ExecutionOrderSort2 (0ms)
			AwakeInstancesAfterBackupRestoration (2ms)
Platform modules already initialized, skipping
Refreshing native plugins compatible for Editor in 2.04 ms, found 2 plugins.
Preloading 0 native plugins for Editor in 0.00 ms.
Unloading 3043 Unused Serialized files (Serialized files now loaded: 0)
Unloading 16 unused Assets / (22.1 KB). Loaded Objects now: 3618.
Memory consumption went from 118.0 MB to 118.0 MB.
Total: 2.192791 ms (FindLiveObjects: 0.108166 ms CreateObjectMapping: 0.038542 ms MarkObjects: 2.026000 ms  DeleteObjects: 0.019500 ms)

AssetImportParameters requested are different than current active one (requested -> active):
  custom:video-decoder-ogg-theora: a1e56fd34408186e4bbccfd4996cb3dc -> 
  custom:container-muxer-webm: aa71ff27fc2769a1b78a27578f13a17b -> 
  custom:container-demuxer-webm: 4f35f7cbe854078d1ac9338744f61a02 -> 
  custom:video-encoder-webm-vp8: eb34c28f22e8b96e1ab97ce403110664 -> 
  custom:framework-osx-AVFoundation: e770b220cccbd017edd2c1fefb359320 -> 
  custom:audio-encoder-webm-vorbis: bf7c407c2cedff20999df2af8eb42d56 -> 
  custom:container-demuxer-ogg: 62fdf1f143b41e24485cea50d1cbac27 -> 
  custom:video-decoder-webm-vp8: 9c59270c3fd7afecdb556c50c9e8de78 -> 
  custom:audio-decoder-ogg-vorbis: bf7c407c2cedff20999df2af8eb42d56 -> 
========================================================================
Received Prepare
Registering precompiled user dll's ...
Registered in 0.001553 seconds.
Begin MonoManager ReloadAssembly
Thread 0x31161f000 may have been prematurely finalized
Symbol file LoadedFromMemory doesn't match image /Users/steve/repos/unity-craftii-kiosk/unity-craftii-kiosk/Library/PackageCache/com.unity.visualscripting@1.8.0/Editor/VisualScripting.Core/Dependencies/YamlDotNet/Unity.VisualScripting.YamlDotNet.dll
Symbol file LoadedFromMemory doesn't match image /Users/steve/repos/unity-craftii-kiosk/unity-craftii-kiosk/Library/PackageCache/com.unity.visualscripting@1.8.0/Editor/VisualScripting.Core/Dependencies/DotNetZip/Unity.VisualScripting.IonicZip.dll
Native extension for LinuxStandalone target not found
Native extension for WindowsStandalone target not found
Native extension for iOS target not found
Native extension for Android target not found
Native extension for OSXStandalone target not found
Native extension for WebGL target not found
Refreshing native plugins compatible for Editor in 0.33 ms, found 2 plugins.
Preloading 0 native plugins for Editor in 0.00 ms.
Mono: successfully reloaded assembly
- Completed reload, in  0.577 seconds
Domain Reload Profiling:
	ReloadAssembly (578ms)
		BeginReloadAssembly (76ms)
			ExecutionOrderSort (0ms)
			DisableScriptedObjects (3ms)
			BackupInstance (0ms)
			ReleaseScriptingObjects (0ms)
			CreateAndSetChildDomain (28ms)
		EndReloadAssembly (446ms)
			LoadAssemblies (32ms)
			RebuildTransferFunctionScriptingTraits (0ms)
			SetupTypeCache (167ms)
			ReleaseScriptCaches (1ms)
			RebuildScriptCaches (26ms)
			SetupLoadedEditorAssemblies (161ms)
				LogAssemblyErrors (0ms)
				InitializePlatformSupportModulesInManaged (20ms)
				SetLoadedEditorAssemblies (0ms)
				RefreshPlugins (0ms)
				BeforeProcessingInitializeOnLoad (36ms)
				ProcessInitializeOnLoadAttributes (94ms)
				ProcessInitializeOnLoadMethodAttributes (10ms)
				AfterProcessingInitializeOnLoad (1ms)
				EditorAssembliesLoaded (0ms)
			ExecutionOrderSort2 (0ms)
			AwakeInstancesAfterBackupRestoration (2ms)
Platform modules already initialized, skipping
Refreshing native plugins compatible for Editor in 0.60 ms, found 2 plugins.
Preloading 0 native plugins for Editor in 0.00 ms.
Unloading 3043 Unused Serialized files (Serialized files now loaded: 0)
Unloading 16 unused Assets / (22.0 KB). Loaded Objects now: 3621.
Memory consumption went from 118.1 MB to 118.0 MB.
Total: 1.996708 ms (FindLiveObjects: 0.098750 ms CreateObjectMapping: 0.035666 ms MarkObjects: 1.848750 ms  DeleteObjects: 0.012541 ms)

AssetImportParameters requested are different than current active one (requested -> active):
  custom:video-decoder-ogg-theora: a1e56fd34408186e4bbccfd4996cb3dc -> 
  custom:container-muxer-webm: aa71ff27fc2769a1b78a27578f13a17b -> 
  custom:container-demuxer-webm: 4f35f7cbe854078d1ac9338744f61a02 -> 
  custom:video-encoder-webm-vp8: eb34c28f22e8b96e1ab97ce403110664 -> 
  custom:framework-osx-AVFoundation: e770b220cccbd017edd2c1fefb359320 -> 
  custom:audio-encoder-webm-vorbis: bf7c407c2cedff20999df2af8eb42d56 -> 
  custom:container-demuxer-ogg: 62fdf1f143b41e24485cea50d1cbac27 -> 
  custom:video-decoder-webm-vp8: 9c59270c3fd7afecdb556c50c9e8de78 -> 
  custom:audio-decoder-ogg-vorbis: bf7c407c2cedff20999df2af8eb42d56 -> 
========================================================================
Received Prepare
Registering precompiled user dll's ...
Registered in 0.001386 seconds.
Begin MonoManager ReloadAssembly
Thread 0x31161f000 may have been prematurely finalized
Symbol file LoadedFromMemory doesn't match image /Users/steve/repos/unity-craftii-kiosk/unity-craftii-kiosk/Library/PackageCache/com.unity.visualscripting@1.8.0/Editor/VisualScripting.Core/Dependencies/YamlDotNet/Unity.VisualScripting.YamlDotNet.dll
Symbol file LoadedFromMemory doesn't match image /Users/steve/repos/unity-craftii-kiosk/unity-craftii-kiosk/Library/PackageCache/com.unity.visualscripting@1.8.0/Editor/VisualScripting.Core/Dependencies/DotNetZip/Unity.VisualScripting.IonicZip.dll
Native extension for LinuxStandalone target not found
Native extension for WindowsStandalone target not found
Native extension for iOS target not found
Native extension for Android target not found
Native extension for OSXStandalone target not found
Native extension for WebGL target not found
Refreshing native plugins compatible for Editor in 0.41 ms, found 2 plugins.
Preloading 0 native plugins for Editor in 0.00 ms.
Mono: successfully reloaded assembly
- Completed reload, in  0.579 seconds
Domain Reload Profiling:
	ReloadAssembly (580ms)
		BeginReloadAssembly (73ms)
			ExecutionOrderSort (0ms)
			DisableScriptedObjects (3ms)
			BackupInstance (0ms)
			ReleaseScriptingObjects (0ms)
			CreateAndSetChildDomain (28ms)
		EndReloadAssembly (450ms)
			LoadAssemblies (28ms)
			RebuildTransferFunctionScriptingTraits (0ms)
			SetupTypeCache (168ms)
			ReleaseScriptCaches (1ms)
			RebuildScriptCaches (26ms)
			SetupLoadedEditorAssemblies (163ms)
				LogAssemblyErrors (0ms)
				InitializePlatformSupportModulesInManaged (18ms)
				SetLoadedEditorAssemblies (0ms)
				RefreshPlugins (0ms)
				BeforeProcessingInitializeOnLoad (36ms)
				ProcessInitializeOnLoadAttributes (97ms)
				ProcessInitializeOnLoadMethodAttributes (10ms)
				AfterProcessingInitializeOnLoad (1ms)
				EditorAssembliesLoaded (0ms)
			ExecutionOrderSort2 (0ms)
			AwakeInstancesAfterBackupRestoration (2ms)
Platform modules already initialized, skipping
Refreshing native plugins compatible for Editor in 0.81 ms, found 2 plugins.
Preloading 0 native plugins for Editor in 0.00 ms.
Unloading 3043 Unused Serialized files (Serialized files now loaded: 0)
Unloading 16 unused Assets / (22.1 KB). Loaded Objects now: 3624.
Memory consumption went from 118.1 MB to 118.0 MB.
Total: 2.105750 ms (FindLiveObjects: 0.102667 ms CreateObjectMapping: 0.043208 ms MarkObjects: 1.944292 ms  DeleteObjects: 0.015000 ms)

AssetImportParameters requested are different than current active one (requested -> active):
  custom:video-decoder-ogg-theora: a1e56fd34408186e4bbccfd4996cb3dc -> 
  custom:container-muxer-webm: aa71ff27fc2769a1b78a27578f13a17b -> 
  custom:container-demuxer-webm: 4f35f7cbe854078d1ac9338744f61a02 -> 
  custom:video-encoder-webm-vp8: eb34c28f22e8b96e1ab97ce403110664 -> 
  custom:framework-osx-AVFoundation: e770b220cccbd017edd2c1fefb359320 -> 
  custom:audio-encoder-webm-vorbis: bf7c407c2cedff20999df2af8eb42d56 -> 
  custom:container-demuxer-ogg: 62fdf1f143b41e24485cea50d1cbac27 -> 
  custom:video-decoder-webm-vp8: 9c59270c3fd7afecdb556c50c9e8de78 -> 
  custom:audio-decoder-ogg-vorbis: bf7c407c2cedff20999df2af8eb42d56 -> 
========================================================================
Received Prepare
Registering precompiled user dll's ...
Registered in 0.001499 seconds.
Begin MonoManager ReloadAssembly
Thread 0x31161f000 may have been prematurely finalized
Symbol file LoadedFromMemory doesn't match image /Users/steve/repos/unity-craftii-kiosk/unity-craftii-kiosk/Library/PackageCache/com.unity.visualscripting@1.8.0/Editor/VisualScripting.Core/Dependencies/YamlDotNet/Unity.VisualScripting.YamlDotNet.dll
Symbol file LoadedFromMemory doesn't match image /Users/steve/repos/unity-craftii-kiosk/unity-craftii-kiosk/Library/PackageCache/com.unity.visualscripting@1.8.0/Editor/VisualScripting.Core/Dependencies/DotNetZip/Unity.VisualScripting.IonicZip.dll
Native extension for LinuxStandalone target not found
Native extension for WindowsStandalone target not found
Native extension for iOS target not found
Native extension for Android target not found
Native extension for OSXStandalone target not found
Native extension for WebGL target not found
Refreshing native plugins compatible for Editor in 0.37 ms, found 2 plugins.
Preloading 0 native plugins for Editor in 0.00 ms.
Mono: successfully reloaded assembly
- Completed reload, in  0.577 seconds
Domain Reload Profiling:
	ReloadAssembly (578ms)
		BeginReloadAssembly (76ms)
			ExecutionOrderSort (0ms)
			DisableScriptedObjects (3ms)
			BackupInstance (0ms)
			ReleaseScriptingObjects (0ms)
			CreateAndSetChildDomain (27ms)
		EndReloadAssembly (446ms)
			LoadAssemblies (33ms)
			RebuildTransferFunctionScriptingTraits (0ms)
			SetupTypeCache (168ms)
			ReleaseScriptCaches (1ms)
			RebuildScriptCaches (27ms)
			SetupLoadedEditorAssemblies (159ms)
				LogAssemblyErrors (0ms)
				InitializePlatformSupportModulesInManaged (19ms)
				SetLoadedEditorAssemblies (0ms)
				RefreshPlugins (0ms)
				BeforeProcessingInitializeOnLoad (36ms)
				ProcessInitializeOnLoadAttributes (92ms)
				ProcessInitializeOnLoadMethodAttributes (10ms)
				AfterProcessingInitializeOnLoad (1ms)
				EditorAssembliesLoaded (0ms)
			ExecutionOrderSort2 (0ms)
			AwakeInstancesAfterBackupRestoration (2ms)
Platform modules already initialized, skipping
Refreshing native plugins compatible for Editor in 0.64 ms, found 2 plugins.
Preloading 0 native plugins for Editor in 0.00 ms.
Unloading 3043 Unused Serialized files (Serialized files now loaded: 0)
Unloading 16 unused Assets / (22.0 KB). Loaded Objects now: 3627.
Memory consumption went from 118.1 MB to 118.0 MB.
Total: 2.092416 ms (FindLiveObjects: 0.096792 ms CreateObjectMapping: 0.035417 ms MarkObjects: 1.945292 ms  DeleteObjects: 0.014167 ms)

AssetImportParameters requested are different than current active one (requested -> active):
  custom:video-decoder-ogg-theora: a1e56fd34408186e4bbccfd4996cb3dc -> 
  custom:container-muxer-webm: aa71ff27fc2769a1b78a27578f13a17b -> 
  custom:container-demuxer-webm: 4f35f7cbe854078d1ac9338744f61a02 -> 
  custom:video-encoder-webm-vp8: eb34c28f22e8b96e1ab97ce403110664 -> 
  custom:framework-osx-AVFoundation: e770b220cccbd017edd2c1fefb359320 -> 
  custom:audio-encoder-webm-vorbis: bf7c407c2cedff20999df2af8eb42d56 -> 
  custom:container-demuxer-ogg: 62fdf1f143b41e24485cea50d1cbac27 -> 
  custom:video-decoder-webm-vp8: 9c59270c3fd7afecdb556c50c9e8de78 -> 
  custom:audio-decoder-ogg-vorbis: bf7c407c2cedff20999df2af8eb42d56 -> 
========================================================================
Received Prepare
Registering precompiled user dll's ...
Registered in 0.001327 seconds.
Begin MonoManager ReloadAssembly
Thread 0x31161f000 may have been prematurely finalized
Symbol file LoadedFromMemory doesn't match image /Users/steve/repos/unity-craftii-kiosk/unity-craftii-kiosk/Library/PackageCache/com.unity.visualscripting@1.8.0/Editor/VisualScripting.Core/Dependencies/YamlDotNet/Unity.VisualScripting.YamlDotNet.dll
Symbol file LoadedFromMemory doesn't match image /Users/steve/repos/unity-craftii-kiosk/unity-craftii-kiosk/Library/PackageCache/com.unity.visualscripting@1.8.0/Editor/VisualScripting.Core/Dependencies/DotNetZip/Unity.VisualScripting.IonicZip.dll
Native extension for LinuxStandalone target not found
Native extension for WindowsStandalone target not found
Native extension for iOS target not found
Native extension for Android target not found
Native extension for OSXStandalone target not found
Native extension for WebGL target not found
Refreshing native plugins compatible for Editor in 0.39 ms, found 2 plugins.
Preloading 0 native plugins for Editor in 0.00 ms.
Mono: successfully reloaded assembly
- Completed reload, in  0.586 seconds
Domain Reload Profiling:
	ReloadAssembly (587ms)
		BeginReloadAssembly (75ms)
			ExecutionOrderSort (0ms)
			DisableScriptedObjects (3ms)
			BackupInstance (0ms)
			ReleaseScriptingObjects (0ms)
			CreateAndSetChildDomain (27ms)
		EndReloadAssembly (455ms)
			LoadAssemblies (32ms)
			RebuildTransferFunctionScriptingTraits (0ms)
			SetupTypeCache (170ms)
			ReleaseScriptCaches (1ms)
			RebuildScriptCaches (26ms)
			SetupLoadedEditorAssemblies (165ms)
				LogAssemblyErrors (0ms)
				InitializePlatformSupportModulesInManaged (19ms)
				SetLoadedEditorAssemblies (0ms)
				RefreshPlugins (0ms)
				BeforeProcessingInitializeOnLoad (36ms)
				ProcessInitializeOnLoadAttributes (98ms)
				ProcessInitializeOnLoadMethodAttributes (10ms)
				AfterProcessingInitializeOnLoad (1ms)
				EditorAssembliesLoaded (0ms)
			ExecutionOrderSort2 (0ms)
			AwakeInstancesAfterBackupRestoration (2ms)
Platform modules already initialized, skipping
Refreshing native plugins compatible for Editor in 0.69 ms, found 2 plugins.
Preloading 0 native plugins for Editor in 0.00 ms.
Unloading 3043 Unused Serialized files (Serialized files now loaded: 0)
Unloading 16 unused Assets / (22.0 KB). Loaded Objects now: 3630.
Memory consumption went from 118.1 MB to 118.1 MB.
Total: 2.210875 ms (FindLiveObjects: 0.105584 ms CreateObjectMapping: 0.036500 ms MarkObjects: 2.053291 ms  DeleteObjects: 0.014875 ms)

AssetImportParameters requested are different than current active one (requested -> active):
  custom:video-decoder-ogg-theora: a1e56fd34408186e4bbccfd4996cb3dc -> 
  custom:container-muxer-webm: aa71ff27fc2769a1b78a27578f13a17b -> 
  custom:container-demuxer-webm: 4f35f7cbe854078d1ac9338744f61a02 -> 
  custom:video-encoder-webm-vp8: eb34c28f22e8b96e1ab97ce403110664 -> 
  custom:framework-osx-AVFoundation: e770b220cccbd017edd2c1fefb359320 -> 
  custom:audio-encoder-webm-vorbis: bf7c407c2cedff20999df2af8eb42d56 -> 
  custom:container-demuxer-ogg: 62fdf1f143b41e24485cea50d1cbac27 -> 
  custom:video-decoder-webm-vp8: 9c59270c3fd7afecdb556c50c9e8de78 -> 
  custom:audio-decoder-ogg-vorbis: bf7c407c2cedff20999df2af8eb42d56 -> 
========================================================================
Received Prepare
Registering precompiled user dll's ...
Registered in 0.001416 seconds.
Begin MonoManager ReloadAssembly
Thread 0x31161f000 may have been prematurely finalized
Symbol file LoadedFromMemory doesn't match image /Users/steve/repos/unity-craftii-kiosk/unity-craftii-kiosk/Library/PackageCache/com.unity.visualscripting@1.8.0/Editor/VisualScripting.Core/Dependencies/YamlDotNet/Unity.VisualScripting.YamlDotNet.dll
Symbol file LoadedFromMemory doesn't match image /Users/steve/repos/unity-craftii-kiosk/unity-craftii-kiosk/Library/PackageCache/com.unity.visualscripting@1.8.0/Editor/VisualScripting.Core/Dependencies/DotNetZip/Unity.VisualScripting.IonicZip.dll
Native extension for LinuxStandalone target not found
Native extension for WindowsStandalone target not found
Native extension for iOS target not found
Native extension for Android target not found
Native extension for OSXStandalone target not found
Native extension for WebGL target not found
Refreshing native plugins compatible for Editor in 0.40 ms, found 2 plugins.
Preloading 0 native plugins for Editor in 0.00 ms.
Mono: successfully reloaded assembly
- Completed reload, in  0.587 seconds
Domain Reload Profiling:
	ReloadAssembly (587ms)
		BeginReloadAssembly (75ms)
			ExecutionOrderSort (0ms)
			DisableScriptedObjects (3ms)
			BackupInstance (0ms)
			ReleaseScriptingObjects (0ms)
			CreateAndSetChildDomain (28ms)
		EndReloadAssembly (456ms)
			LoadAssemblies (32ms)
			RebuildTransferFunctionScriptingTraits (0ms)
			SetupTypeCache (167ms)
			ReleaseScriptCaches (1ms)
			RebuildScriptCaches (28ms)
			SetupLoadedEditorAssemblies (166ms)
				LogAssemblyErrors (0ms)
				InitializePlatformSupportModulesInManaged (19ms)
				SetLoadedEditorAssemblies (0ms)
				RefreshPlugins (0ms)
				BeforeProcessingInitializeOnLoad (37ms)
				ProcessInitializeOnLoadAttributes (98ms)
				ProcessInitializeOnLoadMethodAttributes (10ms)
				AfterProcessingInitializeOnLoad (1ms)
				EditorAssembliesLoaded (0ms)
			ExecutionOrderSort2 (0ms)
			AwakeInstancesAfterBackupRestoration (2ms)
Platform modules already initialized, skipping
Refreshing native plugins compatible for Editor in 0.74 ms, found 2 plugins.
Preloading 0 native plugins for Editor in 0.00 ms.
Unloading 3043 Unused Serialized files (Serialized files now loaded: 0)
Unloading 16 unused Assets / (22.0 KB). Loaded Objects now: 3633.
Memory consumption went from 118.1 MB to 118.1 MB.
Total: 2.011375 ms (FindLiveObjects: 0.106042 ms CreateObjectMapping: 0.036917 ms MarkObjects: 1.853041 ms  DeleteObjects: 0.014917 ms)

AssetImportParameters requested are different than current active one (requested -> active):
  custom:video-decoder-ogg-theora: a1e56fd34408186e4bbccfd4996cb3dc -> 
  custom:container-muxer-webm: aa71ff27fc2769a1b78a27578f13a17b -> 
  custom:container-demuxer-webm: 4f35f7cbe854078d1ac9338744f61a02 -> 
  custom:video-encoder-webm-vp8: eb34c28f22e8b96e1ab97ce403110664 -> 
  custom:framework-osx-AVFoundation: e770b220cccbd017edd2c1fefb359320 -> 
  custom:audio-encoder-webm-vorbis: bf7c407c2cedff20999df2af8eb42d56 -> 
  custom:container-demuxer-ogg: 62fdf1f143b41e24485cea50d1cbac27 -> 
  custom:video-decoder-webm-vp8: 9c59270c3fd7afecdb556c50c9e8de78 -> 
  custom:audio-decoder-ogg-vorbis: bf7c407c2cedff20999df2af8eb42d56 -> 
========================================================================
Received Prepare
Registering precompiled user dll's ...
Registered in 0.001474 seconds.
Begin MonoManager ReloadAssembly
Thread 0x31161f000 may have been prematurely finalized
Symbol file LoadedFromMemory doesn't match image /Users/steve/repos/unity-craftii-kiosk/unity-craftii-kiosk/Library/PackageCache/com.unity.visualscripting@1.8.0/Editor/VisualScripting.Core/Dependencies/YamlDotNet/Unity.VisualScripting.YamlDotNet.dll
Symbol file LoadedFromMemory doesn't match image /Users/steve/repos/unity-craftii-kiosk/unity-craftii-kiosk/Library/PackageCache/com.unity.visualscripting@1.8.0/Editor/VisualScripting.Core/Dependencies/DotNetZip/Unity.VisualScripting.IonicZip.dll
Native extension for LinuxStandalone target not found
Native extension for WindowsStandalone target not found
Native extension for iOS target not found
Native extension for Android target not found
Native extension for OSXStandalone target not found
Native extension for WebGL target not found
Refreshing native plugins compatible for Editor in 0.31 ms, found 2 plugins.
Preloading 0 native plugins for Editor in 0.00 ms.
Mono: successfully reloaded assembly
- Completed reload, in  0.581 seconds
Domain Reload Profiling:
	ReloadAssembly (582ms)
		BeginReloadAssembly (76ms)
			ExecutionOrderSort (0ms)
			DisableScriptedObjects (3ms)
			BackupInstance (0ms)
			ReleaseScriptingObjects (0ms)
			CreateAndSetChildDomain (29ms)
		EndReloadAssembly (449ms)
			LoadAssemblies (31ms)
			RebuildTransferFunctionScriptingTraits (0ms)
			SetupTypeCache (170ms)
			ReleaseScriptCaches (1ms)
			RebuildScriptCaches (27ms)
			SetupLoadedEditorAssemblies (162ms)
				LogAssemblyErrors (0ms)
				InitializePlatformSupportModulesInManaged (17ms)
				SetLoadedEditorAssemblies (0ms)
				RefreshPlugins (0ms)
				BeforeProcessingInitializeOnLoad (35ms)
				ProcessInitializeOnLoadAttributes (97ms)
				ProcessInitializeOnLoadMethodAttributes (10ms)
				AfterProcessingInitializeOnLoad (1ms)
				EditorAssembliesLoaded (0ms)
			ExecutionOrderSort2 (0ms)
			AwakeInstancesAfterBackupRestoration (2ms)
Platform modules already initialized, skipping
Refreshing native plugins compatible for Editor in 0.78 ms, found 2 plugins.
Preloading 0 native plugins for Editor in 0.00 ms.
Unloading 3043 Unused Serialized files (Serialized files now loaded: 0)
Unloading 16 unused Assets / (21.9 KB). Loaded Objects now: 3636.
Memory consumption went from 118.1 MB to 118.1 MB.
Total: 2.250542 ms (FindLiveObjects: 0.100875 ms CreateObjectMapping: 0.035667 ms MarkObjects: 2.100833 ms  DeleteObjects: 0.012750 ms)

AssetImportParameters requested are different than current active one (requested -> active):
  custom:video-decoder-ogg-theora: a1e56fd34408186e4bbccfd4996cb3dc -> 
  custom:container-muxer-webm: aa71ff27fc2769a1b78a27578f13a17b -> 
  custom:container-demuxer-webm: 4f35f7cbe854078d1ac9338744f61a02 -> 
  custom:video-encoder-webm-vp8: eb34c28f22e8b96e1ab97ce403110664 -> 
  custom:framework-osx-AVFoundation: e770b220cccbd017edd2c1fefb359320 -> 
  custom:audio-encoder-webm-vorbis: bf7c407c2cedff20999df2af8eb42d56 -> 
  custom:container-demuxer-ogg: 62fdf1f143b41e24485cea50d1cbac27 -> 
  custom:video-decoder-webm-vp8: 9c59270c3fd7afecdb556c50c9e8de78 -> 
  custom:audio-decoder-ogg-vorbis: bf7c407c2cedff20999df2af8eb42d56 -> 
========================================================================
Received Prepare
Registering precompiled user dll's ...
Registered in 0.001258 seconds.
Begin MonoManager ReloadAssembly
Thread 0x31161f000 may have been prematurely finalized
Symbol file LoadedFromMemory doesn't match image /Users/steve/repos/unity-craftii-kiosk/unity-craftii-kiosk/Library/PackageCache/com.unity.visualscripting@1.8.0/Editor/VisualScripting.Core/Dependencies/YamlDotNet/Unity.VisualScripting.YamlDotNet.dll
Symbol file LoadedFromMemory doesn't match image /Users/steve/repos/unity-craftii-kiosk/unity-craftii-kiosk/Library/PackageCache/com.unity.visualscripting@1.8.0/Editor/VisualScripting.Core/Dependencies/DotNetZip/Unity.VisualScripting.IonicZip.dll
Native extension for LinuxStandalone target not found
Native extension for WindowsStandalone target not found
Native extension for iOS target not found
Native extension for Android target not found
Native extension for OSXStandalone target not found
Native extension for WebGL target not found
Refreshing native plugins compatible for Editor in 0.36 ms, found 2 plugins.
Preloading 0 native plugins for Editor in 0.00 ms.
Mono: successfully reloaded assembly
- Completed reload, in  0.578 seconds
Domain Reload Profiling:
	ReloadAssembly (579ms)
		BeginReloadAssembly (74ms)
			ExecutionOrderSort (0ms)
			DisableScriptedObjects (3ms)
			BackupInstance (0ms)
			ReleaseScriptingObjects (0ms)
			CreateAndSetChildDomain (28ms)
		EndReloadAssembly (448ms)
			LoadAssemblies (30ms)
			RebuildTransferFunctionScriptingTraits (0ms)
			SetupTypeCache (168ms)
			ReleaseScriptCaches (1ms)
			RebuildScriptCaches (26ms)
			SetupLoadedEditorAssemblies (165ms)
				LogAssemblyErrors (0ms)
				InitializePlatformSupportModulesInManaged (18ms)
				SetLoadedEditorAssemblies (0ms)
				RefreshPlugins (0ms)
				BeforeProcessingInitializeOnLoad (37ms)
				ProcessInitializeOnLoadAttributes (98ms)
				ProcessInitializeOnLoadMethodAttributes (10ms)
				AfterProcessingInitializeOnLoad (2ms)
				EditorAssembliesLoaded (0ms)
			ExecutionOrderSort2 (0ms)
			AwakeInstancesAfterBackupRestoration (2ms)
Platform modules already initialized, skipping
Refreshing native plugins compatible for Editor in 0.68 ms, found 2 plugins.
Preloading 0 native plugins for Editor in 0.00 ms.
Unloading 3043 Unused Serialized files (Serialized files now loaded: 0)
Unloading 16 unused Assets / (22.1 KB). Loaded Objects now: 3639.
Memory consumption went from 118.1 MB to 118.1 MB.
Total: 2.016667 ms (FindLiveObjects: 0.099375 ms CreateObjectMapping: 0.036708 ms MarkObjects: 1.866583 ms  DeleteObjects: 0.013500 ms)

AssetImportParameters requested are different than current active one (requested -> active):
  custom:video-decoder-ogg-theora: a1e56fd34408186e4bbccfd4996cb3dc -> 
  custom:container-muxer-webm: aa71ff27fc2769a1b78a27578f13a17b -> 
  custom:container-demuxer-webm: 4f35f7cbe854078d1ac9338744f61a02 -> 
  custom:video-encoder-webm-vp8: eb34c28f22e8b96e1ab97ce403110664 -> 
  custom:framework-osx-AVFoundation: e770b220cccbd017edd2c1fefb359320 -> 
  custom:audio-encoder-webm-vorbis: bf7c407c2cedff20999df2af8eb42d56 -> 
  custom:container-demuxer-ogg: 62fdf1f143b41e24485cea50d1cbac27 -> 
  custom:video-decoder-webm-vp8: 9c59270c3fd7afecdb556c50c9e8de78 -> 
  custom:audio-decoder-ogg-vorbis: bf7c407c2cedff20999df2af8eb42d56 -> 
========================================================================
Received Prepare
Registering precompiled user dll's ...
Registered in 0.001523 seconds.
Begin MonoManager ReloadAssembly
Thread 0x31161f000 may have been prematurely finalized
Symbol file LoadedFromMemory doesn't match image /Users/steve/repos/unity-craftii-kiosk/unity-craftii-kiosk/Library/PackageCache/com.unity.visualscripting@1.8.0/Editor/VisualScripting.Core/Dependencies/YamlDotNet/Unity.VisualScripting.YamlDotNet.dll
Symbol file LoadedFromMemory doesn't match image /Users/steve/repos/unity-craftii-kiosk/unity-craftii-kiosk/Library/PackageCache/com.unity.visualscripting@1.8.0/Editor/VisualScripting.Core/Dependencies/DotNetZip/Unity.VisualScripting.IonicZip.dll
Native extension for LinuxStandalone target not found
Native extension for WindowsStandalone target not found
Native extension for iOS target not found
Native extension for Android target not found
Native extension for OSXStandalone target not found
Native extension for WebGL target not found
Refreshing native plugins compatible for Editor in 0.39 ms, found 2 plugins.
Preloading 0 native plugins for Editor in 0.00 ms.
Mono: successfully reloaded assembly
- Completed reload, in  0.578 seconds
Domain Reload Profiling:
	ReloadAssembly (579ms)
		BeginReloadAssembly (74ms)
			ExecutionOrderSort (0ms)
			DisableScriptedObjects (3ms)
			BackupInstance (0ms)
			ReleaseScriptingObjects (0ms)
			CreateAndSetChildDomain (28ms)
		EndReloadAssembly (448ms)
			LoadAssemblies (30ms)
			RebuildTransferFunctionScriptingTraits (0ms)
			SetupTypeCache (167ms)
			ReleaseScriptCaches (1ms)
			RebuildScriptCaches (26ms)
			SetupLoadedEditorAssemblies (163ms)
				LogAssemblyErrors (0ms)
				InitializePlatformSupportModulesInManaged (17ms)
				SetLoadedEditorAssemblies (0ms)
				RefreshPlugins (0ms)
				BeforeProcessingInitializeOnLoad (36ms)
				ProcessInitializeOnLoadAttributes (98ms)
				ProcessInitializeOnLoadMethodAttributes (10ms)
				AfterProcessingInitializeOnLoad (1ms)
				EditorAssembliesLoaded (0ms)
			ExecutionOrderSort2 (0ms)
			AwakeInstancesAfterBackupRestoration (2ms)
Platform modules already initialized, skipping
Refreshing native plugins compatible for Editor in 0.72 ms, found 2 plugins.
Preloading 0 native plugins for Editor in 0.00 ms.
Unloading 3043 Unused Serialized files (Serialized files now loaded: 0)
Unloading 16 unused Assets / (22.1 KB). Loaded Objects now: 3642.
Memory consumption went from 118.1 MB to 118.1 MB.
Total: 2.064125 ms (FindLiveObjects: 0.098334 ms CreateObjectMapping: 0.035958 ms MarkObjects: 1.915125 ms  DeleteObjects: 0.014208 ms)

AssetImportParameters requested are different than current active one (requested -> active):
  custom:video-decoder-ogg-theora: a1e56fd34408186e4bbccfd4996cb3dc -> 
  custom:container-muxer-webm: aa71ff27fc2769a1b78a27578f13a17b -> 
  custom:container-demuxer-webm: 4f35f7cbe854078d1ac9338744f61a02 -> 
  custom:video-encoder-webm-vp8: eb34c28f22e8b96e1ab97ce403110664 -> 
  custom:framework-osx-AVFoundation: e770b220cccbd017edd2c1fefb359320 -> 
  custom:audio-encoder-webm-vorbis: bf7c407c2cedff20999df2af8eb42d56 -> 
  custom:container-demuxer-ogg: 62fdf1f143b41e24485cea50d1cbac27 -> 
  custom:video-decoder-webm-vp8: 9c59270c3fd7afecdb556c50c9e8de78 -> 
  custom:audio-decoder-ogg-vorbis: bf7c407c2cedff20999df2af8eb42d56 -> 
========================================================================
Received Prepare
Registering precompiled user dll's ...
Registered in 0.001182 seconds.
Begin MonoManager ReloadAssembly
Thread 0x31161f000 may have been prematurely finalized
Symbol file LoadedFromMemory doesn't match image /Users/steve/repos/unity-craftii-kiosk/unity-craftii-kiosk/Library/PackageCache/com.unity.visualscripting@1.8.0/Editor/VisualScripting.Core/Dependencies/YamlDotNet/Unity.VisualScripting.YamlDotNet.dll
Symbol file LoadedFromMemory doesn't match image /Users/steve/repos/unity-craftii-kiosk/unity-craftii-kiosk/Library/PackageCache/com.unity.visualscripting@1.8.0/Editor/VisualScripting.Core/Dependencies/DotNetZip/Unity.VisualScripting.IonicZip.dll
Native extension for LinuxStandalone target not found
Native extension for WindowsStandalone target not found
Native extension for iOS target not found
Native extension for Android target not found
Native extension for OSXStandalone target not found
Native extension for WebGL target not found
Refreshing native plugins compatible for Editor in 0.31 ms, found 2 plugins.
Preloading 0 native plugins for Editor in 0.00 ms.
Mono: successfully reloaded assembly
- Completed reload, in  0.577 seconds
Domain Reload Profiling:
	ReloadAssembly (578ms)
		BeginReloadAssembly (75ms)
			ExecutionOrderSort (0ms)
			DisableScriptedObjects (3ms)
			BackupInstance (0ms)
			ReleaseScriptingObjects (0ms)
			CreateAndSetChildDomain (28ms)
		EndReloadAssembly (446ms)
			LoadAssemblies (30ms)
			RebuildTransferFunctionScriptingTraits (0ms)
			SetupTypeCache (170ms)
			ReleaseScriptCaches (1ms)
			RebuildScriptCaches (27ms)
			SetupLoadedEditorAssemblies (161ms)
				LogAssemblyErrors (0ms)
				InitializePlatformSupportModulesInManaged (17ms)
				SetLoadedEditorAssemblies (0ms)
				RefreshPlugins (0ms)
				BeforeProcessingInitializeOnLoad (36ms)
				ProcessInitializeOnLoadAttributes (97ms)
				ProcessInitializeOnLoadMethodAttributes (10ms)
				AfterProcessingInitializeOnLoad (1ms)
				EditorAssembliesLoaded (0ms)
			ExecutionOrderSort2 (0ms)
			AwakeInstancesAfterBackupRestoration (2ms)
Platform modules already initialized, skipping
Refreshing native plugins compatible for Editor in 0.73 ms, found 2 plugins.
Preloading 0 native plugins for Editor in 0.00 ms.
Unloading 3043 Unused Serialized files (Serialized files now loaded: 0)
Unloading 16 unused Assets / (22.0 KB). Loaded Objects now: 3645.
Memory consumption went from 118.1 MB to 118.1 MB.
Total: 2.153834 ms (FindLiveObjects: 0.099125 ms CreateObjectMapping: 0.036083 ms MarkObjects: 2.004208 ms  DeleteObjects: 0.013917 ms)

AssetImportParameters requested are different than current active one (requested -> active):
  custom:video-decoder-ogg-theora: a1e56fd34408186e4bbccfd4996cb3dc -> 
  custom:container-muxer-webm: aa71ff27fc2769a1b78a27578f13a17b -> 
  custom:container-demuxer-webm: 4f35f7cbe854078d1ac9338744f61a02 -> 
  custom:video-encoder-webm-vp8: eb34c28f22e8b96e1ab97ce403110664 -> 
  custom:framework-osx-AVFoundation: e770b220cccbd017edd2c1fefb359320 -> 
  custom:audio-encoder-webm-vorbis: bf7c407c2cedff20999df2af8eb42d56 -> 
  custom:container-demuxer-ogg: 62fdf1f143b41e24485cea50d1cbac27 -> 
  custom:video-decoder-webm-vp8: 9c59270c3fd7afecdb556c50c9e8de78 -> 
  custom:audio-decoder-ogg-vorbis: bf7c407c2cedff20999df2af8eb42d56 -> 
========================================================================
Received Prepare
Refreshing native plugins compatible for Editor in 1.47 ms, found 2 plugins.
Preloading 0 native plugins for Editor in 0.00 ms.
Unloading 16 Unused Serialized files (Serialized files now loaded: 0)
Unloading 16 unused Assets / (21.9 KB). Loaded Objects now: 3645.
Memory consumption went from 57.5 MB to 57.5 MB.
Total: 2.102459 ms (FindLiveObjects: 0.120375 ms CreateObjectMapping: 0.036667 ms MarkObjects: 1.935167 ms  DeleteObjects: 0.009792 ms)

AssetImportParameters requested are different than current active one (requested -> active):
  custom:video-decoder-ogg-theora: a1e56fd34408186e4bbccfd4996cb3dc -> 
  custom:container-muxer-webm: aa71ff27fc2769a1b78a27578f13a17b -> 
  custom:container-demuxer-webm: 4f35f7cbe854078d1ac9338744f61a02 -> 
  custom:video-encoder-webm-vp8: eb34c28f22e8b96e1ab97ce403110664 -> 
  custom:framework-osx-AVFoundation: e770b220cccbd017edd2c1fefb359320 -> 
  custom:audio-encoder-webm-vorbis: bf7c407c2cedff20999df2af8eb42d56 -> 
  custom:container-demuxer-ogg: 62fdf1f143b41e24485cea50d1cbac27 -> 
  custom:video-decoder-webm-vp8: 9c59270c3fd7afecdb556c50c9e8de78 -> 
  custom:audio-decoder-ogg-vorbis: bf7c407c2cedff20999df2af8eb42d56 -> 
========================================================================
Received Prepare
Registering precompiled user dll's ...
Registered in 0.001444 seconds.
Begin MonoManager ReloadAssembly
Thread 0x31161f000 may have been prematurely finalized
Symbol file LoadedFromMemory doesn't match image /Users/steve/repos/unity-craftii-kiosk/unity-craftii-kiosk/Library/PackageCache/com.unity.visualscripting@1.8.0/Editor/VisualScripting.Core/Dependencies/YamlDotNet/Unity.VisualScripting.YamlDotNet.dll
Symbol file LoadedFromMemory doesn't match image /Users/steve/repos/unity-craftii-kiosk/unity-craftii-kiosk/Library/PackageCache/com.unity.visualscripting@1.8.0/Editor/VisualScripting.Core/Dependencies/DotNetZip/Unity.VisualScripting.IonicZip.dll
Native extension for LinuxStandalone target not found
Native extension for WindowsStandalone target not found
Native extension for iOS target not found
Native extension for Android target not found
Native extension for OSXStandalone target not found
Native extension for WebGL target not found
Refreshing native plugins compatible for Editor in 0.42 ms, found 2 plugins.
Preloading 0 native plugins for Editor in 0.00 ms.
Mono: successfully reloaded assembly
- Completed reload, in  0.583 seconds
Domain Reload Profiling:
	ReloadAssembly (583ms)
		BeginReloadAssembly (77ms)
			ExecutionOrderSort (0ms)
			DisableScriptedObjects (3ms)
			BackupInstance (0ms)
			ReleaseScriptingObjects (0ms)
			CreateAndSetChildDomain (29ms)
		EndReloadAssembly (448ms)
			LoadAssemblies (33ms)
			RebuildTransferFunctionScriptingTraits (0ms)
			SetupTypeCache (169ms)
			ReleaseScriptCaches (1ms)
			RebuildScriptCaches (26ms)
			SetupLoadedEditorAssemblies (159ms)
				LogAssemblyErrors (0ms)
				InitializePlatformSupportModulesInManaged (19ms)
				SetLoadedEditorAssemblies (0ms)
				RefreshPlugins (0ms)
				BeforeProcessingInitializeOnLoad (36ms)
				ProcessInitializeOnLoadAttributes (93ms)
				ProcessInitializeOnLoadMethodAttributes (10ms)
				AfterProcessingInitializeOnLoad (1ms)
				EditorAssembliesLoaded (0ms)
			ExecutionOrderSort2 (0ms)
			AwakeInstancesAfterBackupRestoration (2ms)
Platform modules already initialized, skipping
Refreshing native plugins compatible for Editor in 0.67 ms, found 2 plugins.
Preloading 0 native plugins for Editor in 0.00 ms.
Unloading 3043 Unused Serialized files (Serialized files now loaded: 0)
Unloading 16 unused Assets / (22.1 KB). Loaded Objects now: 3648.
Memory consumption went from 118.1 MB to 118.1 MB.
Total: 1.987458 ms (FindLiveObjects: 0.110875 ms CreateObjectMapping: 0.038375 ms MarkObjects: 1.824416 ms  DeleteObjects: 0.012916 ms)

AssetImportParameters requested are different than current active one (requested -> active):
  custom:video-decoder-ogg-theora: a1e56fd34408186e4bbccfd4996cb3dc -> 
  custom:container-muxer-webm: aa71ff27fc2769a1b78a27578f13a17b -> 
  custom:container-demuxer-webm: 4f35f7cbe854078d1ac9338744f61a02 -> 
  custom:video-encoder-webm-vp8: eb34c28f22e8b96e1ab97ce403110664 -> 
  custom:framework-osx-AVFoundation: e770b220cccbd017edd2c1fefb359320 -> 
  custom:audio-encoder-webm-vorbis: bf7c407c2cedff20999df2af8eb42d56 -> 
  custom:container-demuxer-ogg: 62fdf1f143b41e24485cea50d1cbac27 -> 
  custom:video-decoder-webm-vp8: 9c59270c3fd7afecdb556c50c9e8de78 -> 
  custom:audio-decoder-ogg-vorbis: bf7c407c2cedff20999df2af8eb42d56 -> 
========================================================================
Received Prepare
Registering precompiled user dll's ...
Registered in 0.001501 seconds.
Begin MonoManager ReloadAssembly
Thread 0x31161f000 may have been prematurely finalized
Symbol file LoadedFromMemory doesn't match image /Users/steve/repos/unity-craftii-kiosk/unity-craftii-kiosk/Library/PackageCache/com.unity.visualscripting@1.8.0/Editor/VisualScripting.Core/Dependencies/YamlDotNet/Unity.VisualScripting.YamlDotNet.dll
Symbol file LoadedFromMemory doesn't match image /Users/steve/repos/unity-craftii-kiosk/unity-craftii-kiosk/Library/PackageCache/com.unity.visualscripting@1.8.0/Editor/VisualScripting.Core/Dependencies/DotNetZip/Unity.VisualScripting.IonicZip.dll
Native extension for LinuxStandalone target not found
Native extension for WindowsStandalone target not found
Native extension for iOS target not found
Native extension for Android target not found
Native extension for OSXStandalone target not found
Native extension for WebGL target not found
Refreshing native plugins compatible for Editor in 0.37 ms, found 2 plugins.
Preloading 0 native plugins for Editor in 0.00 ms.
Mono: successfully reloaded assembly
- Completed reload, in  0.591 seconds
Domain Reload Profiling:
	ReloadAssembly (591ms)
		BeginReloadAssembly (74ms)
			ExecutionOrderSort (0ms)
			DisableScriptedObjects (3ms)
			BackupInstance (0ms)
			ReleaseScriptingObjects (0ms)
			CreateAndSetChildDomain (28ms)
		EndReloadAssembly (461ms)
			LoadAssemblies (30ms)
			RebuildTransferFunctionScriptingTraits (0ms)
			SetupTypeCache (169ms)
			ReleaseScriptCaches (1ms)
			RebuildScriptCaches (28ms)
			SetupLoadedEditorAssemblies (166ms)
				LogAssemblyErrors (0ms)
				InitializePlatformSupportModulesInManaged (20ms)
				SetLoadedEditorAssemblies (0ms)
				RefreshPlugins (0ms)
				BeforeProcessingInitializeOnLoad (36ms)
				ProcessInitializeOnLoadAttributes (99ms)
				ProcessInitializeOnLoadMethodAttributes (11ms)
				AfterProcessingInitializeOnLoad (1ms)
				EditorAssembliesLoaded (0ms)
			ExecutionOrderSort2 (0ms)
			AwakeInstancesAfterBackupRestoration (2ms)
Platform modules already initialized, skipping
Refreshing native plugins compatible for Editor in 0.70 ms, found 2 plugins.
Preloading 0 native plugins for Editor in 0.00 ms.
Unloading 3043 Unused Serialized files (Serialized files now loaded: 0)
Unloading 16 unused Assets / (22.0 KB). Loaded Objects now: 3651.
Memory consumption went from 118.1 MB to 118.1 MB.
Total: 2.220208 ms (FindLiveObjects: 0.119042 ms CreateObjectMapping: 0.038958 ms MarkObjects: 2.045042 ms  DeleteObjects: 0.016458 ms)

AssetImportParameters requested are different than current active one (requested -> active):
  custom:video-decoder-ogg-theora: a1e56fd34408186e4bbccfd4996cb3dc -> 
  custom:container-muxer-webm: aa71ff27fc2769a1b78a27578f13a17b -> 
  custom:container-demuxer-webm: 4f35f7cbe854078d1ac9338744f61a02 -> 
  custom:video-encoder-webm-vp8: eb34c28f22e8b96e1ab97ce403110664 -> 
  custom:framework-osx-AVFoundation: e770b220cccbd017edd2c1fefb359320 -> 
  custom:audio-encoder-webm-vorbis: bf7c407c2cedff20999df2af8eb42d56 -> 
  custom:container-demuxer-ogg: 62fdf1f143b41e24485cea50d1cbac27 -> 
  custom:video-decoder-webm-vp8: 9c59270c3fd7afecdb556c50c9e8de78 -> 
  custom:audio-decoder-ogg-vorbis: bf7c407c2cedff20999df2af8eb42d56 -> 
========================================================================
Received Prepare
Registering precompiled user dll's ...
Registered in 0.001325 seconds.
Begin MonoManager ReloadAssembly
Thread 0x31161f000 may have been prematurely finalized
Symbol file LoadedFromMemory doesn't match image /Users/steve/repos/unity-craftii-kiosk/unity-craftii-kiosk/Library/PackageCache/com.unity.visualscripting@1.8.0/Editor/VisualScripting.Core/Dependencies/YamlDotNet/Unity.VisualScripting.YamlDotNet.dll
Symbol file LoadedFromMemory doesn't match image /Users/steve/repos/unity-craftii-kiosk/unity-craftii-kiosk/Library/PackageCache/com.unity.visualscripting@1.8.0/Editor/VisualScripting.Core/Dependencies/DotNetZip/Unity.VisualScripting.IonicZip.dll
Native extension for LinuxStandalone target not found
Native extension for WindowsStandalone target not found
Native extension for iOS target not found
Native extension for Android target not found
Native extension for OSXStandalone target not found
Native extension for WebGL target not found
Refreshing native plugins compatible for Editor in 0.29 ms, found 2 plugins.
Preloading 0 native plugins for Editor in 0.00 ms.
Mono: successfully reloaded assembly
- Completed reload, in  0.580 seconds
Domain Reload Profiling:
	ReloadAssembly (580ms)
		BeginReloadAssembly (73ms)
			ExecutionOrderSort (0ms)
			DisableScriptedObjects (3ms)
			BackupInstance (0ms)
			ReleaseScriptingObjects (0ms)
			CreateAndSetChildDomain (28ms)
		EndReloadAssembly (450ms)
			LoadAssemblies (30ms)
			RebuildTransferFunctionScriptingTraits (0ms)
			SetupTypeCache (170ms)
			ReleaseScriptCaches (1ms)
			RebuildScriptCaches (26ms)
			SetupLoadedEditorAssemblies (162ms)
				LogAssemblyErrors (0ms)
				InitializePlatformSupportModulesInManaged (17ms)
				SetLoadedEditorAssemblies (0ms)
				RefreshPlugins (0ms)
				BeforeProcessingInitializeOnLoad (36ms)
				ProcessInitializeOnLoadAttributes (97ms)
				ProcessInitializeOnLoadMethodAttributes (11ms)
				AfterProcessingInitializeOnLoad (1ms)
				EditorAssembliesLoaded (0ms)
			ExecutionOrderSort2 (0ms)
			AwakeInstancesAfterBackupRestoration (2ms)
Platform modules already initialized, skipping
Refreshing native plugins compatible for Editor in 0.57 ms, found 2 plugins.
Preloading 0 native plugins for Editor in 0.00 ms.
Unloading 3043 Unused Serialized files (Serialized files now loaded: 0)
Unloading 16 unused Assets / (22.0 KB). Loaded Objects now: 3654.
Memory consumption went from 118.1 MB to 118.1 MB.
Total: 2.155500 ms (FindLiveObjects: 0.105542 ms CreateObjectMapping: 0.034125 ms MarkObjects: 2.002500 ms  DeleteObjects: 0.012958 ms)

AssetImportParameters requested are different than current active one (requested -> active):
  custom:video-decoder-ogg-theora: a1e56fd34408186e4bbccfd4996cb3dc -> 
  custom:container-muxer-webm: aa71ff27fc2769a1b78a27578f13a17b -> 
  custom:container-demuxer-webm: 4f35f7cbe854078d1ac9338744f61a02 -> 
  custom:video-encoder-webm-vp8: eb34c28f22e8b96e1ab97ce403110664 -> 
  custom:framework-osx-AVFoundation: e770b220cccbd017edd2c1fefb359320 -> 
  custom:audio-encoder-webm-vorbis: bf7c407c2cedff20999df2af8eb42d56 -> 
  custom:container-demuxer-ogg: 62fdf1f143b41e24485cea50d1cbac27 -> 
  custom:video-decoder-webm-vp8: 9c59270c3fd7afecdb556c50c9e8de78 -> 
  custom:audio-decoder-ogg-vorbis: bf7c407c2cedff20999df2af8eb42d56 -> 
========================================================================
Received Prepare
Refreshing native plugins compatible for Editor in 1.54 ms, found 2 plugins.
Preloading 0 native plugins for Editor in 0.00 ms.
Unloading 16 Unused Serialized files (Serialized files now loaded: 0)
Unloading 16 unused Assets / (21.9 KB). Loaded Objects now: 3654.
Memory consumption went from 57.5 MB to 57.5 MB.
Total: 2.193541 ms (FindLiveObjects: 0.118583 ms CreateObjectMapping: 0.040958 ms MarkObjects: 2.016792 ms  DeleteObjects: 0.016792 ms)

AssetImportParameters requested are different than current active one (requested -> active):
  custom:video-decoder-ogg-theora: a1e56fd34408186e4bbccfd4996cb3dc -> 
  custom:container-muxer-webm: aa71ff27fc2769a1b78a27578f13a17b -> 
  custom:container-demuxer-webm: 4f35f7cbe854078d1ac9338744f61a02 -> 
  custom:video-encoder-webm-vp8: eb34c28f22e8b96e1ab97ce403110664 -> 
  custom:framework-osx-AVFoundation: e770b220cccbd017edd2c1fefb359320 -> 
  custom:audio-encoder-webm-vorbis: bf7c407c2cedff20999df2af8eb42d56 -> 
  custom:container-demuxer-ogg: 62fdf1f143b41e24485cea50d1cbac27 -> 
  custom:video-decoder-webm-vp8: 9c59270c3fd7afecdb556c50c9e8de78 -> 
  custom:audio-decoder-ogg-vorbis: bf7c407c2cedff20999df2af8eb42d56 -> 
========================================================================
Received Prepare
Registering precompiled user dll's ...
Registered in 0.001222 seconds.
Begin MonoManager ReloadAssembly
Thread 0x31161f000 may have been prematurely finalized
Symbol file LoadedFromMemory doesn't match image /Users/steve/repos/unity-craftii-kiosk/unity-craftii-kiosk/Library/PackageCache/com.unity.visualscripting@1.8.0/Editor/VisualScripting.Core/Dependencies/YamlDotNet/Unity.VisualScripting.YamlDotNet.dll
Symbol file LoadedFromMemory doesn't match image /Users/steve/repos/unity-craftii-kiosk/unity-craftii-kiosk/Library/PackageCache/com.unity.visualscripting@1.8.0/Editor/VisualScripting.Core/Dependencies/DotNetZip/Unity.VisualScripting.IonicZip.dll
Native extension for LinuxStandalone target not found
Native extension for WindowsStandalone target not found
Native extension for iOS target not found
Native extension for Android target not found
Native extension for OSXStandalone target not found
Native extension for WebGL target not found
Refreshing native plugins compatible for Editor in 0.32 ms, found 2 plugins.
Preloading 0 native plugins for Editor in 0.00 ms.
Mono: successfully reloaded assembly
- Completed reload, in  0.564 seconds
Domain Reload Profiling:
	ReloadAssembly (565ms)
		BeginReloadAssembly (78ms)
			ExecutionOrderSort (0ms)
			DisableScriptedObjects (3ms)
			BackupInstance (0ms)
			ReleaseScriptingObjects (0ms)
			CreateAndSetChildDomain (29ms)
		EndReloadAssembly (432ms)
			LoadAssemblies (31ms)
			RebuildTransferFunctionScriptingTraits (0ms)
			SetupTypeCache (163ms)
			ReleaseScriptCaches (1ms)
			RebuildScriptCaches (26ms)
			SetupLoadedEditorAssemblies (153ms)
				LogAssemblyErrors (0ms)
				InitializePlatformSupportModulesInManaged (19ms)
				SetLoadedEditorAssemblies (0ms)
				RefreshPlugins (0ms)
				BeforeProcessingInitializeOnLoad (35ms)
				ProcessInitializeOnLoadAttributes (89ms)
				ProcessInitializeOnLoadMethodAttributes (9ms)
				AfterProcessingInitializeOnLoad (1ms)
				EditorAssembliesLoaded (0ms)
			ExecutionOrderSort2 (0ms)
			AwakeInstancesAfterBackupRestoration (2ms)
Platform modules already initialized, skipping
Refreshing native plugins compatible for Editor in 0.60 ms, found 2 plugins.
Preloading 0 native plugins for Editor in 0.00 ms.
Unloading 3043 Unused Serialized files (Serialized files now loaded: 0)
Unloading 16 unused Assets / (21.9 KB). Loaded Objects now: 3657.
Memory consumption went from 118.1 MB to 118.1 MB.
Total: 2.059917 ms (FindLiveObjects: 0.109625 ms CreateObjectMapping: 0.038250 ms MarkObjects: 1.897833 ms  DeleteObjects: 0.013792 ms)

AssetImportParameters requested are different than current active one (requested -> active):
  custom:video-decoder-ogg-theora: a1e56fd34408186e4bbccfd4996cb3dc -> 
  custom:container-muxer-webm: aa71ff27fc2769a1b78a27578f13a17b -> 
  custom:container-demuxer-webm: 4f35f7cbe854078d1ac9338744f61a02 -> 
  custom:video-encoder-webm-vp8: eb34c28f22e8b96e1ab97ce403110664 -> 
  custom:framework-osx-AVFoundation: e770b220cccbd017edd2c1fefb359320 -> 
  custom:audio-encoder-webm-vorbis: bf7c407c2cedff20999df2af8eb42d56 -> 
  custom:container-demuxer-ogg: 62fdf1f143b41e24485cea50d1cbac27 -> 
  custom:video-decoder-webm-vp8: 9c59270c3fd7afecdb556c50c9e8de78 -> 
  custom:audio-decoder-ogg-vorbis: bf7c407c2cedff20999df2af8eb42d56 -> 
========================================================================
Received Prepare
Refreshing native plugins compatible for Editor in 1.45 ms, found 2 plugins.
Preloading 0 native plugins for Editor in 0.00 ms.
Unloading 16 Unused Serialized files (Serialized files now loaded: 0)
Unloading 16 unused Assets / (21.9 KB). Loaded Objects now: 3657.
Memory consumption went from 57.6 MB to 57.5 MB.
Total: 2.108416 ms (FindLiveObjects: 0.128125 ms CreateObjectMapping: 0.037875 ms MarkObjects: 1.929166 ms  DeleteObjects: 0.012875 ms)

AssetImportParameters requested are different than current active one (requested -> active):
  custom:video-decoder-ogg-theora: a1e56fd34408186e4bbccfd4996cb3dc -> 
  custom:container-muxer-webm: aa71ff27fc2769a1b78a27578f13a17b -> 
  custom:container-demuxer-webm: 4f35f7cbe854078d1ac9338744f61a02 -> 
  custom:video-encoder-webm-vp8: eb34c28f22e8b96e1ab97ce403110664 -> 
  custom:framework-osx-AVFoundation: e770b220cccbd017edd2c1fefb359320 -> 
  custom:audio-encoder-webm-vorbis: bf7c407c2cedff20999df2af8eb42d56 -> 
  custom:container-demuxer-ogg: 62fdf1f143b41e24485cea50d1cbac27 -> 
  custom:video-decoder-webm-vp8: 9c59270c3fd7afecdb556c50c9e8de78 -> 
  custom:audio-decoder-ogg-vorbis: bf7c407c2cedff20999df2af8eb42d56 -> 
