Unity Editor version:    2021.3.18f1 (3129e69bc0c7)
Branch:                  2021.3/staging
Build type:              Release
Batch mode:              YES
macOS version:           Version 15.3.1 (Build 24D70)
Darwin version:          24.3.0
Architecture:            arm64
Running under Rosetta:   NO
Available memory:        32768 MB
Using pre-set license
Pro License: YES

COMMAND LINE ARGUMENTS:
/Applications/Unity/Hub/Editor/2021.3.18f1/Unity.app/Contents/MacOS/Unity
-adb2
-batchMode
-noUpm
-name
AssetImportWorker1
-projectPath
/Users/steve/repos/unity-craftii-kiosk/unity-craftii-kiosk
-logFile
Logs/AssetImportWorker1.log
-srvPort
51360
Successfully changed project path to: /Users/steve/repos/unity-craftii-kiosk/unity-craftii-kiosk
/Users/steve/repos/unity-craftii-kiosk/unity-craftii-kiosk
[UnityMemory] Configuration Parameters - Can be set up in boot.config
    "memorysetup-bucket-allocator-granularity=16"
    "memorysetup-bucket-allocator-bucket-count=8"
    "memorysetup-bucket-allocator-block-size=33554432"
    "memorysetup-bucket-allocator-block-count=8"
    "memorysetup-main-allocator-block-size=16777216"
    "memorysetup-thread-allocator-block-size=16777216"
    "memorysetup-gfx-main-allocator-block-size=16777216"
    "memorysetup-gfx-thread-allocator-block-size=16777216"
    "memorysetup-cache-allocator-block-size=4194304"
    "memorysetup-typetree-allocator-block-size=2097152"
    "memorysetup-profiler-bucket-allocator-granularity=16"
    "memorysetup-profiler-bucket-allocator-bucket-count=8"
    "memorysetup-profiler-bucket-allocator-block-size=33554432"
    "memorysetup-profiler-bucket-allocator-block-count=8"
    "memorysetup-profiler-allocator-block-size=16777216"
    "memorysetup-profiler-editor-allocator-block-size=1048576"
    "memorysetup-temp-allocator-size-main=16777216"
    "memorysetup-job-temp-allocator-block-size=2097152"
    "memorysetup-job-temp-allocator-block-size-background=1048576"
    "memorysetup-job-temp-allocator-reduction-small-platforms=262144"
    "memorysetup-temp-allocator-size-background-worker=32768"
    "memorysetup-temp-allocator-size-job-worker=262144"
    "memorysetup-temp-allocator-size-preload-manager=33554432"
    "memorysetup-temp-allocator-size-nav-mesh-worker=65536"
    "memorysetup-temp-allocator-size-audio-worker=65536"
    "memorysetup-temp-allocator-size-cloud-worker=32768"
    "memorysetup-temp-allocator-size-gi-baking-worker=262144"
    "memorysetup-temp-allocator-size-gfx=262144"
Player connection [8752089152] Host "[IP] 192.168.68.51 [Port] 0 [Flags] 2 [Guid] 2510498237 [EditorId] 2510498237 [Version] 1048832 [Id] OSXEditor(0,powernative.local) [Debug] 1 [PackageName] OSXEditor [ProjectName] Editor" joined multi-casting on [225.0.0.222:54997]...

Player connection [8752089152] Host "[IP] 192.168.68.51 [Port] 0 [Flags] 2 [Guid] 2510498237 [EditorId] 2510498237 [Version] 1048832 [Id] OSXEditor(0,powernative.local) [Debug] 1 [PackageName] OSXEditor [ProjectName] Editor" joined alternative multi-casting on [225.0.0.222:34997]...

Refreshing native plugins compatible for Editor in 66.44 ms, found 2 plugins.
Preloading 0 native plugins for Editor in 0.00 ms.
Initialize engine version: 2021.3.18f1 (3129e69bc0c7)
[Subsystems] Discovering subsystems at path /Applications/Unity/Hub/Editor/2021.3.18f1/Unity.app/Contents/Resources/UnitySubsystems
[Subsystems] Discovering subsystems at path /Users/steve/repos/unity-craftii-kiosk/unity-craftii-kiosk/Assets
GfxDevice: creating device client; threaded=0; jobified=0
 preferred device: Apple M1 Max (high power)
Metal devices available: 1
0: Apple M1 Max (high power)
Using device Apple M1 Max (high power)
Initializing Metal device caps: Apple M1 Max
Initialize mono
Mono path[0] = '/Applications/Unity/Hub/Editor/2021.3.18f1/Unity.app/Contents/Managed'
Mono path[1] = '/Applications/Unity/Hub/Editor/2021.3.18f1/Unity.app/Contents/MonoBleedingEdge/lib/mono/unityjit-macos'
Mono config path = '/Applications/Unity/Hub/Editor/2021.3.18f1/Unity.app/Contents/MonoBleedingEdge/etc'
Using monoOptions --debugger-agent=transport=dt_socket,embedding=1,server=y,suspend=n,address=127.0.0.1:56367
Begin MonoManager ReloadAssembly
Registering precompiled unity dll's ...
Register platform support module: /Applications/Unity/Hub/Editor/2021.3.18f1/PlaybackEngines/WebGLSupport/UnityEditor.WebGL.Extensions.dll
Register platform support module: /Applications/Unity/Hub/Editor/2021.3.18f1/Unity.app/Contents/PlaybackEngines/MacStandaloneSupport/UnityEditor.OSXStandalone.Extensions.dll
Register platform support module: /Applications/Unity/Hub/Editor/2021.3.18f1/PlaybackEngines/AndroidPlayer/UnityEditor.Android.Extensions.dll
Register platform support module: /Applications/Unity/Hub/Editor/2021.3.18f1/PlaybackEngines/iOSSupport/UnityEditor.iOS.Extensions.dll
Register platform support module: /Applications/Unity/Hub/Editor/2021.3.18f1/PlaybackEngines/WindowsStandaloneSupport/UnityEditor.WindowsStandalone.Extensions.dll
Register platform support module: /Applications/Unity/Hub/Editor/2021.3.18f1/PlaybackEngines/LinuxStandaloneSupport/UnityEditor.LinuxStandalone.Extensions.dll
Registered in 0.002183 seconds.
Native extension for LinuxStandalone target not found
Native extension for WindowsStandalone target not found
[usbmuxd] Start listen thread
[usbmuxd] Listen thread started
[usbmuxd] Send listen message
Native extension for iOS target not found
Native extension for Android target not found
Android Extension - Scanning For ADB Devices 126 ms
Native extension for OSXStandalone target not found
Native extension for WebGL target not found
Refreshing native plugins compatible for Editor in 66.70 ms, found 2 plugins.
Preloading 0 native plugins for Editor in 0.00 ms.
Mono: successfully reloaded assembly
- Completed reload, in  0.605 seconds
Domain Reload Profiling:
	ReloadAssembly (605ms)
		BeginReloadAssembly (45ms)
			ExecutionOrderSort (0ms)
			DisableScriptedObjects (0ms)
			BackupInstance (0ms)
			ReleaseScriptingObjects (0ms)
			CreateAndSetChildDomain (0ms)
		EndReloadAssembly (493ms)
			LoadAssemblies (47ms)
			RebuildTransferFunctionScriptingTraits (0ms)
			SetupTypeCache (70ms)
			ReleaseScriptCaches (0ms)
			RebuildScriptCaches (19ms)
			SetupLoadedEditorAssemblies (376ms)
				LogAssemblyErrors (0ms)
				InitializePlatformSupportModulesInManaged (238ms)
				SetLoadedEditorAssemblies (0ms)
				RefreshPlugins (67ms)
				BeforeProcessingInitializeOnLoad (1ms)
				ProcessInitializeOnLoadAttributes (47ms)
				ProcessInitializeOnLoadMethodAttributes (23ms)
				AfterProcessingInitializeOnLoad (0ms)
				EditorAssembliesLoaded (0ms)
			ExecutionOrderSort2 (0ms)
			AwakeInstancesAfterBackupRestoration (0ms)
Platform modules already initialized, skipping
Registering precompiled user dll's ...
Registered in 0.001600 seconds.
Begin MonoManager ReloadAssembly
Symbol file LoadedFromMemory doesn't match image /Users/steve/repos/unity-craftii-kiosk/unity-craftii-kiosk/Library/PackageCache/com.unity.visualscripting@1.8.0/Editor/VisualScripting.Core/Dependencies/YamlDotNet/Unity.VisualScripting.YamlDotNet.dll
Symbol file LoadedFromMemory doesn't match image /Users/steve/repos/unity-craftii-kiosk/unity-craftii-kiosk/Library/PackageCache/com.unity.visualscripting@1.8.0/Editor/VisualScripting.Core/Dependencies/DotNetZip/Unity.VisualScripting.IonicZip.dll
Native extension for LinuxStandalone target not found
Native extension for WindowsStandalone target not found
Native extension for iOS target not found
Native extension for Android target not found
Native extension for OSXStandalone target not found
Native extension for WebGL target not found
Refreshing native plugins compatible for Editor in 0.39 ms, found 2 plugins.
Preloading 0 native plugins for Editor in 0.00 ms.
Mono: successfully reloaded assembly
- Completed reload, in  0.611 seconds
Domain Reload Profiling:
	ReloadAssembly (611ms)
		BeginReloadAssembly (56ms)
			ExecutionOrderSort (0ms)
			DisableScriptedObjects (3ms)
			BackupInstance (0ms)
			ReleaseScriptingObjects (0ms)
			CreateAndSetChildDomain (17ms)
		EndReloadAssembly (486ms)
			LoadAssemblies (45ms)
			RebuildTransferFunctionScriptingTraits (0ms)
			SetupTypeCache (168ms)
			ReleaseScriptCaches (1ms)
			RebuildScriptCaches (32ms)
			SetupLoadedEditorAssemblies (188ms)
				LogAssemblyErrors (0ms)
				InitializePlatformSupportModulesInManaged (18ms)
				SetLoadedEditorAssemblies (0ms)
				RefreshPlugins (0ms)
				BeforeProcessingInitializeOnLoad (52ms)
				ProcessInitializeOnLoadAttributes (107ms)
				ProcessInitializeOnLoadMethodAttributes (10ms)
				AfterProcessingInitializeOnLoad (1ms)
				EditorAssembliesLoaded (0ms)
			ExecutionOrderSort2 (0ms)
			AwakeInstancesAfterBackupRestoration (2ms)
Platform modules already initialized, skipping
========================================================================
Worker process is ready to serve import requests
Launching external process: /Applications/Unity/Hub/Editor/2021.3.18f1/Unity.app/Contents/Tools/UnityShaderCompiler
Launched and connected shader compiler UnityShaderCompiler after 0.03 seconds
Refreshing native plugins compatible for Editor in 0.38 ms, found 2 plugins.
Preloading 0 native plugins for Editor in 0.00 ms.
Unloading 3063 Unused Serialized files (Serialized files now loaded: 0)
Unloading 23 unused Assets / (Unknown). Loaded Objects now: 3527.
Memory consumption went from 104.5 MB to 104.6 MB.
Total: 2.226500 ms (FindLiveObjects: 0.100708 ms CreateObjectMapping: 0.039542 ms MarkObjects: 2.024792 ms  DeleteObjects: 0.060708 ms)

AssetImportParameters requested are different than current active one (requested -> active):
  custom:video-decoder-ogg-theora: a1e56fd34408186e4bbccfd4996cb3dc -> 
  custom:container-muxer-webm: aa71ff27fc2769a1b78a27578f13a17b -> 
  custom:container-demuxer-webm: 4f35f7cbe854078d1ac9338744f61a02 -> 
  custom:video-encoder-webm-vp8: eb34c28f22e8b96e1ab97ce403110664 -> 
  custom:framework-osx-AVFoundation: e770b220cccbd017edd2c1fefb359320 -> 
  custom:audio-encoder-webm-vorbis: bf7c407c2cedff20999df2af8eb42d56 -> 
  custom:container-demuxer-ogg: 62fdf1f143b41e24485cea50d1cbac27 -> 
  custom:video-decoder-webm-vp8: 9c59270c3fd7afecdb556c50c9e8de78 -> 
  custom:audio-decoder-ogg-vorbis: bf7c407c2cedff20999df2af8eb42d56 -> 
========================================================================
Received Import Request.
  Time since last request: 660378.684554 seconds.
  path: Assets/Materials/earth-normal.png
  artifactKey: Guid(3fc606561db334e07ae56a2bdfc1d430) Importer(815301076,1909f56bfc062723c751e8b465ee728b)
Start importing Assets/Materials/earth-normal.png using Guid(3fc606561db334e07ae56a2bdfc1d430) Importer(815301076,1909f56bfc062723c751e8b465ee728b)  -> (artifact id: '252e78191b72caa03318bb65bd01b819') in 0.690589 seconds 
========================================================================
Received Import Request.
  Time since last request: 53.420524 seconds.
  path: Assets/TextMesh Pro/Fonts/LiberationSans.ttf
  artifactKey: Guid(e3265ab4bf004d28a9537516768c1c75) Importer(815301076,1909f56bfc062723c751e8b465ee728b)
Start importing Assets/TextMesh Pro/Fonts/LiberationSans.ttf using Guid(e3265ab4bf004d28a9537516768c1c75) Importer(815301076,1909f56bfc062723c751e8b465ee728b)  -> (artifact id: '3aa38c98bfb4b46681050c9a3dc801be') in 0.711445 seconds 
========================================================================
Received Prepare
Registering precompiled user dll's ...
Registered in 0.001348 seconds.
Begin MonoManager ReloadAssembly
Thread 0x17f983000 may have been prematurely finalized
Symbol file LoadedFromMemory doesn't match image /Users/steve/repos/unity-craftii-kiosk/unity-craftii-kiosk/Library/PackageCache/com.unity.visualscripting@1.8.0/Editor/VisualScripting.Core/Dependencies/YamlDotNet/Unity.VisualScripting.YamlDotNet.dll
Symbol file LoadedFromMemory doesn't match image /Users/steve/repos/unity-craftii-kiosk/unity-craftii-kiosk/Library/PackageCache/com.unity.visualscripting@1.8.0/Editor/VisualScripting.Core/Dependencies/DotNetZip/Unity.VisualScripting.IonicZip.dll
Native extension for LinuxStandalone target not found
Native extension for WindowsStandalone target not found
Native extension for iOS target not found
Native extension for Android target not found
Native extension for OSXStandalone target not found
Native extension for WebGL target not found
Refreshing native plugins compatible for Editor in 0.38 ms, found 2 plugins.
Preloading 0 native plugins for Editor in 0.00 ms.
Mono: successfully reloaded assembly
- Completed reload, in  0.578 seconds
Domain Reload Profiling:
	ReloadAssembly (578ms)
		BeginReloadAssembly (73ms)
			ExecutionOrderSort (0ms)
			DisableScriptedObjects (2ms)
			BackupInstance (0ms)
			ReleaseScriptingObjects (0ms)
			CreateAndSetChildDomain (28ms)
		EndReloadAssembly (448ms)
			LoadAssemblies (29ms)
			RebuildTransferFunctionScriptingTraits (0ms)
			SetupTypeCache (168ms)
			ReleaseScriptCaches (1ms)
			RebuildScriptCaches (26ms)
			SetupLoadedEditorAssemblies (165ms)
				LogAssemblyErrors (0ms)
				InitializePlatformSupportModulesInManaged (19ms)
				SetLoadedEditorAssemblies (0ms)
				RefreshPlugins (0ms)
				BeforeProcessingInitializeOnLoad (36ms)
				ProcessInitializeOnLoadAttributes (99ms)
				ProcessInitializeOnLoadMethodAttributes (10ms)
				AfterProcessingInitializeOnLoad (1ms)
				EditorAssembliesLoaded (0ms)
			ExecutionOrderSort2 (0ms)
			AwakeInstancesAfterBackupRestoration (2ms)
Platform modules already initialized, skipping
Refreshing native plugins compatible for Editor in 0.62 ms, found 2 plugins.
Preloading 0 native plugins for Editor in 0.00 ms.
Unloading 3043 Unused Serialized files (Serialized files now loaded: 0)
Unloading 16 unused Assets / (22.0 KB). Loaded Objects now: 3577.
Memory consumption went from 113.7 MB to 113.7 MB.
Total: 2.046458 ms (FindLiveObjects: 0.093250 ms CreateObjectMapping: 0.034458 ms MarkObjects: 1.904542 ms  DeleteObjects: 0.013625 ms)

AssetImportParameters requested are different than current active one (requested -> active):
  custom:video-decoder-ogg-theora: a1e56fd34408186e4bbccfd4996cb3dc -> 
  custom:container-muxer-webm: aa71ff27fc2769a1b78a27578f13a17b -> 
  custom:container-demuxer-webm: 4f35f7cbe854078d1ac9338744f61a02 -> 
  custom:video-encoder-webm-vp8: eb34c28f22e8b96e1ab97ce403110664 -> 
  custom:framework-osx-AVFoundation: e770b220cccbd017edd2c1fefb359320 -> 
  custom:audio-encoder-webm-vorbis: bf7c407c2cedff20999df2af8eb42d56 -> 
  custom:container-demuxer-ogg: 62fdf1f143b41e24485cea50d1cbac27 -> 
  custom:video-decoder-webm-vp8: 9c59270c3fd7afecdb556c50c9e8de78 -> 
  custom:audio-decoder-ogg-vorbis: bf7c407c2cedff20999df2af8eb42d56 -> 
========================================================================
Received Prepare
Registering precompiled user dll's ...
Registered in 0.001452 seconds.
Begin MonoManager ReloadAssembly
Thread 0x17f753000 may have been prematurely finalized
Symbol file LoadedFromMemory doesn't match image /Users/steve/repos/unity-craftii-kiosk/unity-craftii-kiosk/Library/PackageCache/com.unity.visualscripting@1.8.0/Editor/VisualScripting.Core/Dependencies/YamlDotNet/Unity.VisualScripting.YamlDotNet.dll
Symbol file LoadedFromMemory doesn't match image /Users/steve/repos/unity-craftii-kiosk/unity-craftii-kiosk/Library/PackageCache/com.unity.visualscripting@1.8.0/Editor/VisualScripting.Core/Dependencies/DotNetZip/Unity.VisualScripting.IonicZip.dll
Native extension for LinuxStandalone target not found
Native extension for WindowsStandalone target not found
Native extension for iOS target not found
Native extension for Android target not found
Native extension for OSXStandalone target not found
Native extension for WebGL target not found
Refreshing native plugins compatible for Editor in 0.40 ms, found 2 plugins.
Preloading 0 native plugins for Editor in 0.00 ms.
Mono: successfully reloaded assembly
- Completed reload, in  0.581 seconds
Domain Reload Profiling:
	ReloadAssembly (581ms)
		BeginReloadAssembly (71ms)
			ExecutionOrderSort (0ms)
			DisableScriptedObjects (3ms)
			BackupInstance (0ms)
			ReleaseScriptingObjects (0ms)
			CreateAndSetChildDomain (26ms)
		EndReloadAssembly (454ms)
			LoadAssemblies (29ms)
			RebuildTransferFunctionScriptingTraits (0ms)
			SetupTypeCache (165ms)
			ReleaseScriptCaches (1ms)
			RebuildScriptCaches (27ms)
			SetupLoadedEditorAssemblies (165ms)
				LogAssemblyErrors (0ms)
				InitializePlatformSupportModulesInManaged (18ms)
				SetLoadedEditorAssemblies (0ms)
				RefreshPlugins (0ms)
				BeforeProcessingInitializeOnLoad (38ms)
				ProcessInitializeOnLoadAttributes (98ms)
				ProcessInitializeOnLoadMethodAttributes (10ms)
				AfterProcessingInitializeOnLoad (1ms)
				EditorAssembliesLoaded (0ms)
			ExecutionOrderSort2 (0ms)
			AwakeInstancesAfterBackupRestoration (2ms)
Platform modules already initialized, skipping
Refreshing native plugins compatible for Editor in 0.67 ms, found 2 plugins.
Preloading 0 native plugins for Editor in 0.00 ms.
Unloading 3043 Unused Serialized files (Serialized files now loaded: 0)
Unloading 16 unused Assets / (21.9 KB). Loaded Objects now: 3580.
Memory consumption went from 113.8 MB to 113.7 MB.
Total: 2.076166 ms (FindLiveObjects: 0.101625 ms CreateObjectMapping: 0.035958 ms MarkObjects: 1.922625 ms  DeleteObjects: 0.015083 ms)

AssetImportParameters requested are different than current active one (requested -> active):
  custom:video-decoder-ogg-theora: a1e56fd34408186e4bbccfd4996cb3dc -> 
  custom:container-muxer-webm: aa71ff27fc2769a1b78a27578f13a17b -> 
  custom:container-demuxer-webm: 4f35f7cbe854078d1ac9338744f61a02 -> 
  custom:video-encoder-webm-vp8: eb34c28f22e8b96e1ab97ce403110664 -> 
  custom:framework-osx-AVFoundation: e770b220cccbd017edd2c1fefb359320 -> 
  custom:audio-encoder-webm-vorbis: bf7c407c2cedff20999df2af8eb42d56 -> 
  custom:container-demuxer-ogg: 62fdf1f143b41e24485cea50d1cbac27 -> 
  custom:video-decoder-webm-vp8: 9c59270c3fd7afecdb556c50c9e8de78 -> 
  custom:audio-decoder-ogg-vorbis: bf7c407c2cedff20999df2af8eb42d56 -> 
========================================================================
Received Import Request.
  Time since last request: 181.907799 seconds.
  path: Assets/Materials/earth.mat
  artifactKey: Guid(3fd390187094547baaf5c9fd79577072) Importer(815301076,1909f56bfc062723c751e8b465ee728b)
Start importing Assets/Materials/earth.mat using Guid(3fd390187094547baaf5c9fd79577072) Importer(815301076,1909f56bfc062723c751e8b465ee728b)  -> (artifact id: 'fe6cae3924b1bc8ace5034e51815a23d') in 0.346031 seconds 
========================================================================
Received Import Request.
  Time since last request: 1233.782525 seconds.
  path: Assets/Materials/mercury-texture.png
  artifactKey: Guid(c6a0b842ea055475ebb65340dc2b4471) Importer(815301076,1909f56bfc062723c751e8b465ee728b)
Start importing Assets/Materials/mercury-texture.png using Guid(c6a0b842ea055475ebb65340dc2b4471) Importer(815301076,1909f56bfc062723c751e8b465ee728b)  -> (artifact id: '9145c6aa56aa862cbd6d7046c2415a81') in 0.011159 seconds 
========================================================================
Received Import Request.
  Time since last request: 0.000042 seconds.
  path: Assets/Materials/venus-texture.png
  artifactKey: Guid(c0356490276bc469499b2c9cb5601072) Importer(815301076,1909f56bfc062723c751e8b465ee728b)
Start importing Assets/Materials/venus-texture.png using Guid(c0356490276bc469499b2c9cb5601072) Importer(815301076,1909f56bfc062723c751e8b465ee728b)  -> (artifact id: '785fded0f135f3128e35ce3535b6e061') in 0.004094 seconds 
========================================================================
Received Import Request.
  Time since last request: 45.604494 seconds.
  path: Assets/Materials/venus.mat
  artifactKey: Guid(bb4538d7f1a2d4acaa91c8a9b0d619b6) Importer(815301076,1909f56bfc062723c751e8b465ee728b)
Start importing Assets/Materials/venus.mat using Guid(bb4538d7f1a2d4acaa91c8a9b0d619b6) Importer(815301076,1909f56bfc062723c751e8b465ee728b)  -> (artifact id: 'e8138ae0fe50d54a339e4b7526a4cc1d') in 0.143840 seconds 
========================================================================
Received Prepare
Registering precompiled user dll's ...
Registered in 0.001417 seconds.
Begin MonoManager ReloadAssembly
Thread 0x17f753000 may have been prematurely finalized
Symbol file LoadedFromMemory doesn't match image /Users/steve/repos/unity-craftii-kiosk/unity-craftii-kiosk/Library/PackageCache/com.unity.visualscripting@1.8.0/Editor/VisualScripting.Core/Dependencies/YamlDotNet/Unity.VisualScripting.YamlDotNet.dll
Symbol file LoadedFromMemory doesn't match image /Users/steve/repos/unity-craftii-kiosk/unity-craftii-kiosk/Library/PackageCache/com.unity.visualscripting@1.8.0/Editor/VisualScripting.Core/Dependencies/DotNetZip/Unity.VisualScripting.IonicZip.dll
Native extension for LinuxStandalone target not found
Native extension for WindowsStandalone target not found
Native extension for iOS target not found
Native extension for Android target not found
Native extension for OSXStandalone target not found
Native extension for WebGL target not found
Refreshing native plugins compatible for Editor in 0.29 ms, found 2 plugins.
Preloading 0 native plugins for Editor in 0.00 ms.
Mono: successfully reloaded assembly
- Completed reload, in  0.558 seconds
Domain Reload Profiling:
	ReloadAssembly (558ms)
		BeginReloadAssembly (76ms)
			ExecutionOrderSort (0ms)
			DisableScriptedObjects (2ms)
			BackupInstance (0ms)
			ReleaseScriptingObjects (0ms)
			CreateAndSetChildDomain (30ms)
		EndReloadAssembly (426ms)
			LoadAssemblies (30ms)
			RebuildTransferFunctionScriptingTraits (0ms)
			SetupTypeCache (162ms)
			ReleaseScriptCaches (1ms)
			RebuildScriptCaches (25ms)
			SetupLoadedEditorAssemblies (154ms)
				LogAssemblyErrors (0ms)
				InitializePlatformSupportModulesInManaged (18ms)
				SetLoadedEditorAssemblies (0ms)
				RefreshPlugins (0ms)
				BeforeProcessingInitializeOnLoad (36ms)
				ProcessInitializeOnLoadAttributes (89ms)
				ProcessInitializeOnLoadMethodAttributes (9ms)
				AfterProcessingInitializeOnLoad (1ms)
				EditorAssembliesLoaded (0ms)
			ExecutionOrderSort2 (0ms)
			AwakeInstancesAfterBackupRestoration (2ms)
Platform modules already initialized, skipping
Refreshing native plugins compatible for Editor in 0.72 ms, found 2 plugins.
Preloading 0 native plugins for Editor in 0.00 ms.
Unloading 3043 Unused Serialized files (Serialized files now loaded: 0)
Unloading 16 unused Assets / (21.9 KB). Loaded Objects now: 3583.
Memory consumption went from 118.0 MB to 118.0 MB.
Total: 2.021958 ms (FindLiveObjects: 0.089291 ms CreateObjectMapping: 0.036750 ms MarkObjects: 1.881667 ms  DeleteObjects: 0.013708 ms)

AssetImportParameters requested are different than current active one (requested -> active):
  custom:video-decoder-ogg-theora: a1e56fd34408186e4bbccfd4996cb3dc -> 
  custom:container-muxer-webm: aa71ff27fc2769a1b78a27578f13a17b -> 
  custom:container-demuxer-webm: 4f35f7cbe854078d1ac9338744f61a02 -> 
  custom:video-encoder-webm-vp8: eb34c28f22e8b96e1ab97ce403110664 -> 
  custom:framework-osx-AVFoundation: e770b220cccbd017edd2c1fefb359320 -> 
  custom:audio-encoder-webm-vorbis: bf7c407c2cedff20999df2af8eb42d56 -> 
  custom:container-demuxer-ogg: 62fdf1f143b41e24485cea50d1cbac27 -> 
  custom:video-decoder-webm-vp8: 9c59270c3fd7afecdb556c50c9e8de78 -> 
  custom:audio-decoder-ogg-vorbis: bf7c407c2cedff20999df2af8eb42d56 -> 
========================================================================
Received Prepare
Refreshing native plugins compatible for Editor in 3.52 ms, found 2 plugins.
Preloading 0 native plugins for Editor in 0.00 ms.
Unloading 16 Unused Serialized files (Serialized files now loaded: 0)
Unloading 16 unused Assets / (21.9 KB). Loaded Objects now: 3583.
Memory consumption went from 57.4 MB to 57.4 MB.
Total: 2.280958 ms (FindLiveObjects: 0.104625 ms CreateObjectMapping: 0.035584 ms MarkObjects: 2.129333 ms  DeleteObjects: 0.010958 ms)

AssetImportParameters requested are different than current active one (requested -> active):
  custom:video-decoder-ogg-theora: a1e56fd34408186e4bbccfd4996cb3dc -> 
  custom:container-muxer-webm: aa71ff27fc2769a1b78a27578f13a17b -> 
  custom:container-demuxer-webm: 4f35f7cbe854078d1ac9338744f61a02 -> 
  custom:video-encoder-webm-vp8: eb34c28f22e8b96e1ab97ce403110664 -> 
  custom:framework-osx-AVFoundation: e770b220cccbd017edd2c1fefb359320 -> 
  custom:audio-encoder-webm-vorbis: bf7c407c2cedff20999df2af8eb42d56 -> 
  custom:container-demuxer-ogg: 62fdf1f143b41e24485cea50d1cbac27 -> 
  custom:video-decoder-webm-vp8: 9c59270c3fd7afecdb556c50c9e8de78 -> 
  custom:audio-decoder-ogg-vorbis: bf7c407c2cedff20999df2af8eb42d56 -> 
========================================================================
Received Prepare
Registering precompiled user dll's ...
Registered in 0.001285 seconds.
Begin MonoManager ReloadAssembly
Thread 0x16d8e3000 may have been prematurely finalized
Symbol file LoadedFromMemory doesn't match image /Users/steve/repos/unity-craftii-kiosk/unity-craftii-kiosk/Library/PackageCache/com.unity.visualscripting@1.8.0/Editor/VisualScripting.Core/Dependencies/YamlDotNet/Unity.VisualScripting.YamlDotNet.dll
Symbol file LoadedFromMemory doesn't match image /Users/steve/repos/unity-craftii-kiosk/unity-craftii-kiosk/Library/PackageCache/com.unity.visualscripting@1.8.0/Editor/VisualScripting.Core/Dependencies/DotNetZip/Unity.VisualScripting.IonicZip.dll
Native extension for LinuxStandalone target not found
Native extension for WindowsStandalone target not found
Native extension for iOS target not found
Native extension for Android target not found
Native extension for OSXStandalone target not found
Native extension for WebGL target not found
Refreshing native plugins compatible for Editor in 0.38 ms, found 2 plugins.
Preloading 0 native plugins for Editor in 0.00 ms.
Mono: successfully reloaded assembly
- Completed reload, in  0.572 seconds
Domain Reload Profiling:
	ReloadAssembly (572ms)
		BeginReloadAssembly (82ms)
			ExecutionOrderSort (0ms)
			DisableScriptedObjects (3ms)
			BackupInstance (0ms)
			ReleaseScriptingObjects (0ms)
			CreateAndSetChildDomain (32ms)
		EndReloadAssembly (433ms)
			LoadAssemblies (34ms)
			RebuildTransferFunctionScriptingTraits (0ms)
			SetupTypeCache (166ms)
			ReleaseScriptCaches (1ms)
			RebuildScriptCaches (25ms)
			SetupLoadedEditorAssemblies (154ms)
				LogAssemblyErrors (0ms)
				InitializePlatformSupportModulesInManaged (18ms)
				SetLoadedEditorAssemblies (0ms)
				RefreshPlugins (0ms)
				BeforeProcessingInitializeOnLoad (35ms)
				ProcessInitializeOnLoadAttributes (89ms)
				ProcessInitializeOnLoadMethodAttributes (9ms)
				AfterProcessingInitializeOnLoad (1ms)
				EditorAssembliesLoaded (0ms)
			ExecutionOrderSort2 (0ms)
			AwakeInstancesAfterBackupRestoration (2ms)
Platform modules already initialized, skipping
Refreshing native plugins compatible for Editor in 0.64 ms, found 2 plugins.
Preloading 0 native plugins for Editor in 0.00 ms.
Unloading 3043 Unused Serialized files (Serialized files now loaded: 0)
Unloading 16 unused Assets / (22.0 KB). Loaded Objects now: 3586.
Memory consumption went from 118.0 MB to 118.0 MB.
Total: 2.047750 ms (FindLiveObjects: 0.094459 ms CreateObjectMapping: 0.036000 ms MarkObjects: 1.905334 ms  DeleteObjects: 0.011167 ms)

AssetImportParameters requested are different than current active one (requested -> active):
  custom:video-decoder-ogg-theora: a1e56fd34408186e4bbccfd4996cb3dc -> 
  custom:container-muxer-webm: aa71ff27fc2769a1b78a27578f13a17b -> 
  custom:container-demuxer-webm: 4f35f7cbe854078d1ac9338744f61a02 -> 
  custom:video-encoder-webm-vp8: eb34c28f22e8b96e1ab97ce403110664 -> 
  custom:framework-osx-AVFoundation: e770b220cccbd017edd2c1fefb359320 -> 
  custom:audio-encoder-webm-vorbis: bf7c407c2cedff20999df2af8eb42d56 -> 
  custom:container-demuxer-ogg: 62fdf1f143b41e24485cea50d1cbac27 -> 
  custom:video-decoder-webm-vp8: 9c59270c3fd7afecdb556c50c9e8de78 -> 
  custom:audio-decoder-ogg-vorbis: bf7c407c2cedff20999df2af8eb42d56 -> 
========================================================================
Received Prepare
Registering precompiled user dll's ...
Registered in 0.001559 seconds.
Begin MonoManager ReloadAssembly
Thread 0x17f753000 may have been prematurely finalized
Symbol file LoadedFromMemory doesn't match image /Users/steve/repos/unity-craftii-kiosk/unity-craftii-kiosk/Library/PackageCache/com.unity.visualscripting@1.8.0/Editor/VisualScripting.Core/Dependencies/YamlDotNet/Unity.VisualScripting.YamlDotNet.dll
Symbol file LoadedFromMemory doesn't match image /Users/steve/repos/unity-craftii-kiosk/unity-craftii-kiosk/Library/PackageCache/com.unity.visualscripting@1.8.0/Editor/VisualScripting.Core/Dependencies/DotNetZip/Unity.VisualScripting.IonicZip.dll
Native extension for LinuxStandalone target not found
Native extension for WindowsStandalone target not found
Native extension for iOS target not found
Native extension for Android target not found
Native extension for OSXStandalone target not found
Native extension for WebGL target not found
Refreshing native plugins compatible for Editor in 0.34 ms, found 2 plugins.
Preloading 0 native plugins for Editor in 0.00 ms.
Mono: successfully reloaded assembly
- Completed reload, in  0.581 seconds
Domain Reload Profiling:
	ReloadAssembly (582ms)
		BeginReloadAssembly (73ms)
			ExecutionOrderSort (0ms)
			DisableScriptedObjects (3ms)
			BackupInstance (0ms)
			ReleaseScriptingObjects (0ms)
			CreateAndSetChildDomain (26ms)
		EndReloadAssembly (453ms)
			LoadAssemblies (31ms)
			RebuildTransferFunctionScriptingTraits (0ms)
			SetupTypeCache (168ms)
			ReleaseScriptCaches (1ms)
			RebuildScriptCaches (28ms)
			SetupLoadedEditorAssemblies (166ms)
				LogAssemblyErrors (0ms)
				InitializePlatformSupportModulesInManaged (20ms)
				SetLoadedEditorAssemblies (0ms)
				RefreshPlugins (0ms)
				BeforeProcessingInitializeOnLoad (36ms)
				ProcessInitializeOnLoadAttributes (97ms)
				ProcessInitializeOnLoadMethodAttributes (11ms)
				AfterProcessingInitializeOnLoad (1ms)
				EditorAssembliesLoaded (0ms)
			ExecutionOrderSort2 (0ms)
			AwakeInstancesAfterBackupRestoration (2ms)
Platform modules already initialized, skipping
Refreshing native plugins compatible for Editor in 0.74 ms, found 2 plugins.
Preloading 0 native plugins for Editor in 0.00 ms.
Unloading 3043 Unused Serialized files (Serialized files now loaded: 0)
Unloading 16 unused Assets / (22.0 KB). Loaded Objects now: 3589.
Memory consumption went from 118.0 MB to 118.0 MB.
Total: 2.236041 ms (FindLiveObjects: 0.098500 ms CreateObjectMapping: 0.038542 ms MarkObjects: 2.083250 ms  DeleteObjects: 0.015375 ms)

AssetImportParameters requested are different than current active one (requested -> active):
  custom:video-decoder-ogg-theora: a1e56fd34408186e4bbccfd4996cb3dc -> 
  custom:container-muxer-webm: aa71ff27fc2769a1b78a27578f13a17b -> 
  custom:container-demuxer-webm: 4f35f7cbe854078d1ac9338744f61a02 -> 
  custom:video-encoder-webm-vp8: eb34c28f22e8b96e1ab97ce403110664 -> 
  custom:framework-osx-AVFoundation: e770b220cccbd017edd2c1fefb359320 -> 
  custom:audio-encoder-webm-vorbis: bf7c407c2cedff20999df2af8eb42d56 -> 
  custom:container-demuxer-ogg: 62fdf1f143b41e24485cea50d1cbac27 -> 
  custom:video-decoder-webm-vp8: 9c59270c3fd7afecdb556c50c9e8de78 -> 
  custom:audio-decoder-ogg-vorbis: bf7c407c2cedff20999df2af8eb42d56 -> 
========================================================================
Received Prepare
Registering precompiled user dll's ...
Registered in 0.001308 seconds.
Begin MonoManager ReloadAssembly
Thread 0x17f753000 may have been prematurely finalized
Symbol file LoadedFromMemory doesn't match image /Users/steve/repos/unity-craftii-kiosk/unity-craftii-kiosk/Library/PackageCache/com.unity.visualscripting@1.8.0/Editor/VisualScripting.Core/Dependencies/YamlDotNet/Unity.VisualScripting.YamlDotNet.dll
Symbol file LoadedFromMemory doesn't match image /Users/steve/repos/unity-craftii-kiosk/unity-craftii-kiosk/Library/PackageCache/com.unity.visualscripting@1.8.0/Editor/VisualScripting.Core/Dependencies/DotNetZip/Unity.VisualScripting.IonicZip.dll
Native extension for LinuxStandalone target not found
Native extension for WindowsStandalone target not found
Native extension for iOS target not found
Native extension for Android target not found
Native extension for OSXStandalone target not found
Native extension for WebGL target not found
Refreshing native plugins compatible for Editor in 0.29 ms, found 2 plugins.
Preloading 0 native plugins for Editor in 0.00 ms.
Mono: successfully reloaded assembly
- Completed reload, in  0.569 seconds
Domain Reload Profiling:
	ReloadAssembly (570ms)
		BeginReloadAssembly (74ms)
			ExecutionOrderSort (0ms)
			DisableScriptedObjects (3ms)
			BackupInstance (0ms)
			ReleaseScriptingObjects (0ms)
			CreateAndSetChildDomain (26ms)
		EndReloadAssembly (439ms)
			LoadAssemblies (33ms)
			RebuildTransferFunctionScriptingTraits (0ms)
			SetupTypeCache (165ms)
			ReleaseScriptCaches (1ms)
			RebuildScriptCaches (27ms)
			SetupLoadedEditorAssemblies (156ms)
				LogAssemblyErrors (0ms)
				InitializePlatformSupportModulesInManaged (19ms)
				SetLoadedEditorAssemblies (0ms)
				RefreshPlugins (0ms)
				BeforeProcessingInitializeOnLoad (35ms)
				ProcessInitializeOnLoadAttributes (91ms)
				ProcessInitializeOnLoadMethodAttributes (10ms)
				AfterProcessingInitializeOnLoad (1ms)
				EditorAssembliesLoaded (0ms)
			ExecutionOrderSort2 (0ms)
			AwakeInstancesAfterBackupRestoration (2ms)
Platform modules already initialized, skipping
Refreshing native plugins compatible for Editor in 0.64 ms, found 2 plugins.
Preloading 0 native plugins for Editor in 0.00 ms.
Unloading 3043 Unused Serialized files (Serialized files now loaded: 0)
Unloading 16 unused Assets / (22.0 KB). Loaded Objects now: 3592.
Memory consumption went from 118.0 MB to 118.0 MB.
Total: 1.968291 ms (FindLiveObjects: 0.094584 ms CreateObjectMapping: 0.035625 ms MarkObjects: 1.826000 ms  DeleteObjects: 0.011625 ms)

AssetImportParameters requested are different than current active one (requested -> active):
  custom:video-decoder-ogg-theora: a1e56fd34408186e4bbccfd4996cb3dc -> 
  custom:container-muxer-webm: aa71ff27fc2769a1b78a27578f13a17b -> 
  custom:container-demuxer-webm: 4f35f7cbe854078d1ac9338744f61a02 -> 
  custom:video-encoder-webm-vp8: eb34c28f22e8b96e1ab97ce403110664 -> 
  custom:framework-osx-AVFoundation: e770b220cccbd017edd2c1fefb359320 -> 
  custom:audio-encoder-webm-vorbis: bf7c407c2cedff20999df2af8eb42d56 -> 
  custom:container-demuxer-ogg: 62fdf1f143b41e24485cea50d1cbac27 -> 
  custom:video-decoder-webm-vp8: 9c59270c3fd7afecdb556c50c9e8de78 -> 
  custom:audio-decoder-ogg-vorbis: bf7c407c2cedff20999df2af8eb42d56 -> 
========================================================================
Received Prepare
Registering precompiled user dll's ...
Registered in 0.001321 seconds.
Begin MonoManager ReloadAssembly
Thread 0x17f7df000 may have been prematurely finalized
Symbol file LoadedFromMemory doesn't match image /Users/steve/repos/unity-craftii-kiosk/unity-craftii-kiosk/Library/PackageCache/com.unity.visualscripting@1.8.0/Editor/VisualScripting.Core/Dependencies/YamlDotNet/Unity.VisualScripting.YamlDotNet.dll
Symbol file LoadedFromMemory doesn't match image /Users/steve/repos/unity-craftii-kiosk/unity-craftii-kiosk/Library/PackageCache/com.unity.visualscripting@1.8.0/Editor/VisualScripting.Core/Dependencies/DotNetZip/Unity.VisualScripting.IonicZip.dll
Native extension for LinuxStandalone target not found
Native extension for WindowsStandalone target not found
Native extension for iOS target not found
Native extension for Android target not found
Native extension for OSXStandalone target not found
Native extension for WebGL target not found
Refreshing native plugins compatible for Editor in 0.40 ms, found 2 plugins.
Preloading 0 native plugins for Editor in 0.00 ms.
Mono: successfully reloaded assembly
- Completed reload, in  0.585 seconds
Domain Reload Profiling:
	ReloadAssembly (586ms)
		BeginReloadAssembly (74ms)
			ExecutionOrderSort (0ms)
			DisableScriptedObjects (3ms)
			BackupInstance (0ms)
			ReleaseScriptingObjects (0ms)
			CreateAndSetChildDomain (27ms)
		EndReloadAssembly (455ms)
			LoadAssemblies (32ms)
			RebuildTransferFunctionScriptingTraits (0ms)
			SetupTypeCache (166ms)
			ReleaseScriptCaches (1ms)
			RebuildScriptCaches (28ms)
			SetupLoadedEditorAssemblies (164ms)
				LogAssemblyErrors (0ms)
				InitializePlatformSupportModulesInManaged (19ms)
				SetLoadedEditorAssemblies (0ms)
				RefreshPlugins (0ms)
				BeforeProcessingInitializeOnLoad (36ms)
				ProcessInitializeOnLoadAttributes (97ms)
				ProcessInitializeOnLoadMethodAttributes (10ms)
				AfterProcessingInitializeOnLoad (1ms)
				EditorAssembliesLoaded (0ms)
			ExecutionOrderSort2 (0ms)
			AwakeInstancesAfterBackupRestoration (2ms)
Platform modules already initialized, skipping
Refreshing native plugins compatible for Editor in 0.70 ms, found 2 plugins.
Preloading 0 native plugins for Editor in 0.00 ms.
Unloading 3043 Unused Serialized files (Serialized files now loaded: 0)
Unloading 16 unused Assets / (21.9 KB). Loaded Objects now: 3595.
Memory consumption went from 118.0 MB to 118.0 MB.
Total: 2.046208 ms (FindLiveObjects: 0.105166 ms CreateObjectMapping: 0.038667 ms MarkObjects: 1.888250 ms  DeleteObjects: 0.013584 ms)

AssetImportParameters requested are different than current active one (requested -> active):
  custom:video-decoder-ogg-theora: a1e56fd34408186e4bbccfd4996cb3dc -> 
  custom:container-muxer-webm: aa71ff27fc2769a1b78a27578f13a17b -> 
  custom:container-demuxer-webm: 4f35f7cbe854078d1ac9338744f61a02 -> 
  custom:video-encoder-webm-vp8: eb34c28f22e8b96e1ab97ce403110664 -> 
  custom:framework-osx-AVFoundation: e770b220cccbd017edd2c1fefb359320 -> 
  custom:audio-encoder-webm-vorbis: bf7c407c2cedff20999df2af8eb42d56 -> 
  custom:container-demuxer-ogg: 62fdf1f143b41e24485cea50d1cbac27 -> 
  custom:video-decoder-webm-vp8: 9c59270c3fd7afecdb556c50c9e8de78 -> 
  custom:audio-decoder-ogg-vorbis: bf7c407c2cedff20999df2af8eb42d56 -> 
========================================================================
Received Prepare
Registering precompiled user dll's ...
Registered in 0.001464 seconds.
Begin MonoManager ReloadAssembly
Thread 0x17f7df000 may have been prematurely finalized
Symbol file LoadedFromMemory doesn't match image /Users/steve/repos/unity-craftii-kiosk/unity-craftii-kiosk/Library/PackageCache/com.unity.visualscripting@1.8.0/Editor/VisualScripting.Core/Dependencies/YamlDotNet/Unity.VisualScripting.YamlDotNet.dll
Symbol file LoadedFromMemory doesn't match image /Users/steve/repos/unity-craftii-kiosk/unity-craftii-kiosk/Library/PackageCache/com.unity.visualscripting@1.8.0/Editor/VisualScripting.Core/Dependencies/DotNetZip/Unity.VisualScripting.IonicZip.dll
Native extension for LinuxStandalone target not found
Native extension for WindowsStandalone target not found
Native extension for iOS target not found
Native extension for Android target not found
Native extension for OSXStandalone target not found
Native extension for WebGL target not found
Refreshing native plugins compatible for Editor in 0.33 ms, found 2 plugins.
Preloading 0 native plugins for Editor in 0.00 ms.
Mono: successfully reloaded assembly
- Completed reload, in  0.580 seconds
Domain Reload Profiling:
	ReloadAssembly (580ms)
		BeginReloadAssembly (76ms)
			ExecutionOrderSort (0ms)
			DisableScriptedObjects (3ms)
			BackupInstance (0ms)
			ReleaseScriptingObjects (0ms)
			CreateAndSetChildDomain (28ms)
		EndReloadAssembly (449ms)
			LoadAssemblies (31ms)
			RebuildTransferFunctionScriptingTraits (0ms)
			SetupTypeCache (170ms)
			ReleaseScriptCaches (1ms)
			RebuildScriptCaches (26ms)
			SetupLoadedEditorAssemblies (165ms)
				LogAssemblyErrors (0ms)
				InitializePlatformSupportModulesInManaged (18ms)
				SetLoadedEditorAssemblies (0ms)
				RefreshPlugins (0ms)
				BeforeProcessingInitializeOnLoad (37ms)
				ProcessInitializeOnLoadAttributes (97ms)
				ProcessInitializeOnLoadMethodAttributes (11ms)
				AfterProcessingInitializeOnLoad (1ms)
				EditorAssembliesLoaded (0ms)
			ExecutionOrderSort2 (0ms)
			AwakeInstancesAfterBackupRestoration (2ms)
Platform modules already initialized, skipping
Refreshing native plugins compatible for Editor in 0.61 ms, found 2 plugins.
Preloading 0 native plugins for Editor in 0.00 ms.
Unloading 3043 Unused Serialized files (Serialized files now loaded: 0)
Unloading 16 unused Assets / (22.0 KB). Loaded Objects now: 3598.
Memory consumption went from 118.0 MB to 118.0 MB.
Total: 2.067250 ms (FindLiveObjects: 0.113208 ms CreateObjectMapping: 0.038667 ms MarkObjects: 1.899625 ms  DeleteObjects: 0.015291 ms)

AssetImportParameters requested are different than current active one (requested -> active):
  custom:video-decoder-ogg-theora: a1e56fd34408186e4bbccfd4996cb3dc -> 
  custom:container-muxer-webm: aa71ff27fc2769a1b78a27578f13a17b -> 
  custom:container-demuxer-webm: 4f35f7cbe854078d1ac9338744f61a02 -> 
  custom:video-encoder-webm-vp8: eb34c28f22e8b96e1ab97ce403110664 -> 
  custom:framework-osx-AVFoundation: e770b220cccbd017edd2c1fefb359320 -> 
  custom:audio-encoder-webm-vorbis: bf7c407c2cedff20999df2af8eb42d56 -> 
  custom:container-demuxer-ogg: 62fdf1f143b41e24485cea50d1cbac27 -> 
  custom:video-decoder-webm-vp8: 9c59270c3fd7afecdb556c50c9e8de78 -> 
  custom:audio-decoder-ogg-vorbis: bf7c407c2cedff20999df2af8eb42d56 -> 
========================================================================
Received Prepare
Registering precompiled user dll's ...
Registered in 0.001505 seconds.
Begin MonoManager ReloadAssembly
Thread 0x17f7df000 may have been prematurely finalized
Symbol file LoadedFromMemory doesn't match image /Users/steve/repos/unity-craftii-kiosk/unity-craftii-kiosk/Library/PackageCache/com.unity.visualscripting@1.8.0/Editor/VisualScripting.Core/Dependencies/YamlDotNet/Unity.VisualScripting.YamlDotNet.dll
Symbol file LoadedFromMemory doesn't match image /Users/steve/repos/unity-craftii-kiosk/unity-craftii-kiosk/Library/PackageCache/com.unity.visualscripting@1.8.0/Editor/VisualScripting.Core/Dependencies/DotNetZip/Unity.VisualScripting.IonicZip.dll
Native extension for LinuxStandalone target not found
Native extension for WindowsStandalone target not found
Native extension for iOS target not found
Native extension for Android target not found
Native extension for OSXStandalone target not found
Native extension for WebGL target not found
Refreshing native plugins compatible for Editor in 0.36 ms, found 2 plugins.
Preloading 0 native plugins for Editor in 0.00 ms.
Mono: successfully reloaded assembly
- Completed reload, in  0.575 seconds
Domain Reload Profiling:
	ReloadAssembly (576ms)
		BeginReloadAssembly (75ms)
			ExecutionOrderSort (0ms)
			DisableScriptedObjects (3ms)
			BackupInstance (0ms)
			ReleaseScriptingObjects (0ms)
			CreateAndSetChildDomain (28ms)
		EndReloadAssembly (444ms)
			LoadAssemblies (31ms)
			RebuildTransferFunctionScriptingTraits (0ms)
			SetupTypeCache (167ms)
			ReleaseScriptCaches (1ms)
			RebuildScriptCaches (26ms)
			SetupLoadedEditorAssemblies (160ms)
				LogAssemblyErrors (0ms)
				InitializePlatformSupportModulesInManaged (19ms)
				SetLoadedEditorAssemblies (0ms)
				RefreshPlugins (0ms)
				BeforeProcessingInitializeOnLoad (35ms)
				ProcessInitializeOnLoadAttributes (95ms)
				ProcessInitializeOnLoadMethodAttributes (10ms)
				AfterProcessingInitializeOnLoad (1ms)
				EditorAssembliesLoaded (0ms)
			ExecutionOrderSort2 (0ms)
			AwakeInstancesAfterBackupRestoration (2ms)
Platform modules already initialized, skipping
Refreshing native plugins compatible for Editor in 0.61 ms, found 2 plugins.
Preloading 0 native plugins for Editor in 0.00 ms.
Unloading 3043 Unused Serialized files (Serialized files now loaded: 0)
Unloading 16 unused Assets / (22.0 KB). Loaded Objects now: 3601.
Memory consumption went from 118.0 MB to 118.0 MB.
Total: 2.141667 ms (FindLiveObjects: 0.096125 ms CreateObjectMapping: 0.037792 ms MarkObjects: 1.992375 ms  DeleteObjects: 0.014833 ms)

AssetImportParameters requested are different than current active one (requested -> active):
  custom:video-decoder-ogg-theora: a1e56fd34408186e4bbccfd4996cb3dc -> 
  custom:container-muxer-webm: aa71ff27fc2769a1b78a27578f13a17b -> 
  custom:container-demuxer-webm: 4f35f7cbe854078d1ac9338744f61a02 -> 
  custom:video-encoder-webm-vp8: eb34c28f22e8b96e1ab97ce403110664 -> 
  custom:framework-osx-AVFoundation: e770b220cccbd017edd2c1fefb359320 -> 
  custom:audio-encoder-webm-vorbis: bf7c407c2cedff20999df2af8eb42d56 -> 
  custom:container-demuxer-ogg: 62fdf1f143b41e24485cea50d1cbac27 -> 
  custom:video-decoder-webm-vp8: 9c59270c3fd7afecdb556c50c9e8de78 -> 
  custom:audio-decoder-ogg-vorbis: bf7c407c2cedff20999df2af8eb42d56 -> 
========================================================================
Received Prepare
Registering precompiled user dll's ...
Registered in 0.001501 seconds.
Begin MonoManager ReloadAssembly
Thread 0x17f7df000 may have been prematurely finalized
Symbol file LoadedFromMemory doesn't match image /Users/steve/repos/unity-craftii-kiosk/unity-craftii-kiosk/Library/PackageCache/com.unity.visualscripting@1.8.0/Editor/VisualScripting.Core/Dependencies/YamlDotNet/Unity.VisualScripting.YamlDotNet.dll
Symbol file LoadedFromMemory doesn't match image /Users/steve/repos/unity-craftii-kiosk/unity-craftii-kiosk/Library/PackageCache/com.unity.visualscripting@1.8.0/Editor/VisualScripting.Core/Dependencies/DotNetZip/Unity.VisualScripting.IonicZip.dll
Native extension for LinuxStandalone target not found
Native extension for WindowsStandalone target not found
Native extension for iOS target not found
Native extension for Android target not found
Native extension for OSXStandalone target not found
Native extension for WebGL target not found
Refreshing native plugins compatible for Editor in 0.44 ms, found 2 plugins.
Preloading 0 native plugins for Editor in 0.00 ms.
Mono: successfully reloaded assembly
- Completed reload, in  0.562 seconds
Domain Reload Profiling:
	ReloadAssembly (562ms)
		BeginReloadAssembly (76ms)
			ExecutionOrderSort (0ms)
			DisableScriptedObjects (3ms)
			BackupInstance (0ms)
			ReleaseScriptingObjects (0ms)
			CreateAndSetChildDomain (27ms)
		EndReloadAssembly (430ms)
			LoadAssemblies (33ms)
			RebuildTransferFunctionScriptingTraits (0ms)
			SetupTypeCache (163ms)
			ReleaseScriptCaches (1ms)
			RebuildScriptCaches (26ms)
			SetupLoadedEditorAssemblies (152ms)
				LogAssemblyErrors (0ms)
				InitializePlatformSupportModulesInManaged (18ms)
				SetLoadedEditorAssemblies (0ms)
				RefreshPlugins (0ms)
				BeforeProcessingInitializeOnLoad (34ms)
				ProcessInitializeOnLoadAttributes (88ms)
				ProcessInitializeOnLoadMethodAttributes (10ms)
				AfterProcessingInitializeOnLoad (1ms)
				EditorAssembliesLoaded (0ms)
			ExecutionOrderSort2 (0ms)
			AwakeInstancesAfterBackupRestoration (2ms)
Platform modules already initialized, skipping
Refreshing native plugins compatible for Editor in 0.60 ms, found 2 plugins.
Preloading 0 native plugins for Editor in 0.00 ms.
Unloading 3043 Unused Serialized files (Serialized files now loaded: 0)
Unloading 16 unused Assets / (21.9 KB). Loaded Objects now: 3604.
Memory consumption went from 118.0 MB to 118.0 MB.
Total: 1.985000 ms (FindLiveObjects: 0.093250 ms CreateObjectMapping: 0.038042 ms MarkObjects: 1.841292 ms  DeleteObjects: 0.012000 ms)

AssetImportParameters requested are different than current active one (requested -> active):
  custom:video-decoder-ogg-theora: a1e56fd34408186e4bbccfd4996cb3dc -> 
  custom:container-muxer-webm: aa71ff27fc2769a1b78a27578f13a17b -> 
  custom:container-demuxer-webm: 4f35f7cbe854078d1ac9338744f61a02 -> 
  custom:video-encoder-webm-vp8: eb34c28f22e8b96e1ab97ce403110664 -> 
  custom:framework-osx-AVFoundation: e770b220cccbd017edd2c1fefb359320 -> 
  custom:audio-encoder-webm-vorbis: bf7c407c2cedff20999df2af8eb42d56 -> 
  custom:container-demuxer-ogg: 62fdf1f143b41e24485cea50d1cbac27 -> 
  custom:video-decoder-webm-vp8: 9c59270c3fd7afecdb556c50c9e8de78 -> 
  custom:audio-decoder-ogg-vorbis: bf7c407c2cedff20999df2af8eb42d56 -> 
========================================================================
Received Prepare
Registering precompiled user dll's ...
Registered in 0.001462 seconds.
Begin MonoManager ReloadAssembly
Thread 0x17f7df000 may have been prematurely finalized
Symbol file LoadedFromMemory doesn't match image /Users/steve/repos/unity-craftii-kiosk/unity-craftii-kiosk/Library/PackageCache/com.unity.visualscripting@1.8.0/Editor/VisualScripting.Core/Dependencies/YamlDotNet/Unity.VisualScripting.YamlDotNet.dll
Symbol file LoadedFromMemory doesn't match image /Users/steve/repos/unity-craftii-kiosk/unity-craftii-kiosk/Library/PackageCache/com.unity.visualscripting@1.8.0/Editor/VisualScripting.Core/Dependencies/DotNetZip/Unity.VisualScripting.IonicZip.dll
Native extension for LinuxStandalone target not found
Native extension for WindowsStandalone target not found
Native extension for iOS target not found
Native extension for Android target not found
Native extension for OSXStandalone target not found
Native extension for WebGL target not found
Refreshing native plugins compatible for Editor in 0.36 ms, found 2 plugins.
Preloading 0 native plugins for Editor in 0.00 ms.
Mono: successfully reloaded assembly
- Completed reload, in  0.582 seconds
Domain Reload Profiling:
	ReloadAssembly (582ms)
		BeginReloadAssembly (75ms)
			ExecutionOrderSort (0ms)
			DisableScriptedObjects (3ms)
			BackupInstance (0ms)
			ReleaseScriptingObjects (0ms)
			CreateAndSetChildDomain (28ms)
		EndReloadAssembly (450ms)
			LoadAssemblies (31ms)
			RebuildTransferFunctionScriptingTraits (0ms)
			SetupTypeCache (167ms)
			ReleaseScriptCaches (1ms)
			RebuildScriptCaches (28ms)
			SetupLoadedEditorAssemblies (163ms)
				LogAssemblyErrors (0ms)
				InitializePlatformSupportModulesInManaged (19ms)
				SetLoadedEditorAssemblies (0ms)
				RefreshPlugins (0ms)
				BeforeProcessingInitializeOnLoad (34ms)
				ProcessInitializeOnLoadAttributes (99ms)
				ProcessInitializeOnLoadMethodAttributes (10ms)
				AfterProcessingInitializeOnLoad (1ms)
				EditorAssembliesLoaded (0ms)
			ExecutionOrderSort2 (0ms)
			AwakeInstancesAfterBackupRestoration (2ms)
Platform modules already initialized, skipping
Refreshing native plugins compatible for Editor in 0.62 ms, found 2 plugins.
Preloading 0 native plugins for Editor in 0.00 ms.
Unloading 3043 Unused Serialized files (Serialized files now loaded: 0)
Unloading 16 unused Assets / (22.0 KB). Loaded Objects now: 3607.
Memory consumption went from 118.0 MB to 118.0 MB.
Total: 2.161334 ms (FindLiveObjects: 0.102583 ms CreateObjectMapping: 0.036792 ms MarkObjects: 2.005667 ms  DeleteObjects: 0.015750 ms)

AssetImportParameters requested are different than current active one (requested -> active):
  custom:video-decoder-ogg-theora: a1e56fd34408186e4bbccfd4996cb3dc -> 
  custom:container-muxer-webm: aa71ff27fc2769a1b78a27578f13a17b -> 
  custom:container-demuxer-webm: 4f35f7cbe854078d1ac9338744f61a02 -> 
  custom:video-encoder-webm-vp8: eb34c28f22e8b96e1ab97ce403110664 -> 
  custom:framework-osx-AVFoundation: e770b220cccbd017edd2c1fefb359320 -> 
  custom:audio-encoder-webm-vorbis: bf7c407c2cedff20999df2af8eb42d56 -> 
  custom:container-demuxer-ogg: 62fdf1f143b41e24485cea50d1cbac27 -> 
  custom:video-decoder-webm-vp8: 9c59270c3fd7afecdb556c50c9e8de78 -> 
  custom:audio-decoder-ogg-vorbis: bf7c407c2cedff20999df2af8eb42d56 -> 
========================================================================
Received Prepare
Registering precompiled user dll's ...
Registered in 0.001619 seconds.
Begin MonoManager ReloadAssembly
Thread 0x17f7df000 may have been prematurely finalized
Symbol file LoadedFromMemory doesn't match image /Users/steve/repos/unity-craftii-kiosk/unity-craftii-kiosk/Library/PackageCache/com.unity.visualscripting@1.8.0/Editor/VisualScripting.Core/Dependencies/YamlDotNet/Unity.VisualScripting.YamlDotNet.dll
Symbol file LoadedFromMemory doesn't match image /Users/steve/repos/unity-craftii-kiosk/unity-craftii-kiosk/Library/PackageCache/com.unity.visualscripting@1.8.0/Editor/VisualScripting.Core/Dependencies/DotNetZip/Unity.VisualScripting.IonicZip.dll
Native extension for LinuxStandalone target not found
Native extension for WindowsStandalone target not found
Native extension for iOS target not found
Native extension for Android target not found
Native extension for OSXStandalone target not found
Native extension for WebGL target not found
Refreshing native plugins compatible for Editor in 0.32 ms, found 2 plugins.
Preloading 0 native plugins for Editor in 0.00 ms.
Mono: successfully reloaded assembly
- Completed reload, in  0.584 seconds
Domain Reload Profiling:
	ReloadAssembly (584ms)
		BeginReloadAssembly (74ms)
			ExecutionOrderSort (0ms)
			DisableScriptedObjects (3ms)
			BackupInstance (0ms)
			ReleaseScriptingObjects (0ms)
			CreateAndSetChildDomain (27ms)
		EndReloadAssembly (454ms)
			LoadAssemblies (31ms)
			RebuildTransferFunctionScriptingTraits (0ms)
			SetupTypeCache (172ms)
			ReleaseScriptCaches (1ms)
			RebuildScriptCaches (27ms)
			SetupLoadedEditorAssemblies (164ms)
				LogAssemblyErrors (0ms)
				InitializePlatformSupportModulesInManaged (19ms)
				SetLoadedEditorAssemblies (0ms)
				RefreshPlugins (0ms)
				BeforeProcessingInitializeOnLoad (36ms)
				ProcessInitializeOnLoadAttributes (98ms)
				ProcessInitializeOnLoadMethodAttributes (11ms)
				AfterProcessingInitializeOnLoad (1ms)
				EditorAssembliesLoaded (0ms)
			ExecutionOrderSort2 (0ms)
			AwakeInstancesAfterBackupRestoration (2ms)
Platform modules already initialized, skipping
Refreshing native plugins compatible for Editor in 0.74 ms, found 2 plugins.
Preloading 0 native plugins for Editor in 0.00 ms.
Unloading 3043 Unused Serialized files (Serialized files now loaded: 0)
Unloading 16 unused Assets / (21.9 KB). Loaded Objects now: 3610.
Memory consumption went from 118.0 MB to 118.0 MB.
Total: 2.129500 ms (FindLiveObjects: 0.116125 ms CreateObjectMapping: 0.036792 ms MarkObjects: 1.961541 ms  DeleteObjects: 0.014667 ms)

AssetImportParameters requested are different than current active one (requested -> active):
  custom:video-decoder-ogg-theora: a1e56fd34408186e4bbccfd4996cb3dc -> 
  custom:container-muxer-webm: aa71ff27fc2769a1b78a27578f13a17b -> 
  custom:container-demuxer-webm: 4f35f7cbe854078d1ac9338744f61a02 -> 
  custom:video-encoder-webm-vp8: eb34c28f22e8b96e1ab97ce403110664 -> 
  custom:framework-osx-AVFoundation: e770b220cccbd017edd2c1fefb359320 -> 
  custom:audio-encoder-webm-vorbis: bf7c407c2cedff20999df2af8eb42d56 -> 
  custom:container-demuxer-ogg: 62fdf1f143b41e24485cea50d1cbac27 -> 
  custom:video-decoder-webm-vp8: 9c59270c3fd7afecdb556c50c9e8de78 -> 
  custom:audio-decoder-ogg-vorbis: bf7c407c2cedff20999df2af8eb42d56 -> 
========================================================================
Received Prepare
Registering precompiled user dll's ...
Registered in 0.001513 seconds.
Begin MonoManager ReloadAssembly
Thread 0x17f7df000 may have been prematurely finalized
Symbol file LoadedFromMemory doesn't match image /Users/steve/repos/unity-craftii-kiosk/unity-craftii-kiosk/Library/PackageCache/com.unity.visualscripting@1.8.0/Editor/VisualScripting.Core/Dependencies/YamlDotNet/Unity.VisualScripting.YamlDotNet.dll
Symbol file LoadedFromMemory doesn't match image /Users/steve/repos/unity-craftii-kiosk/unity-craftii-kiosk/Library/PackageCache/com.unity.visualscripting@1.8.0/Editor/VisualScripting.Core/Dependencies/DotNetZip/Unity.VisualScripting.IonicZip.dll
Native extension for LinuxStandalone target not found
Native extension for WindowsStandalone target not found
Native extension for iOS target not found
Native extension for Android target not found
Native extension for OSXStandalone target not found
Native extension for WebGL target not found
Refreshing native plugins compatible for Editor in 0.37 ms, found 2 plugins.
Preloading 0 native plugins for Editor in 0.00 ms.
Mono: successfully reloaded assembly
- Completed reload, in  0.578 seconds
Domain Reload Profiling:
	ReloadAssembly (579ms)
		BeginReloadAssembly (79ms)
			ExecutionOrderSort (0ms)
			DisableScriptedObjects (3ms)
			BackupInstance (0ms)
			ReleaseScriptingObjects (0ms)
			CreateAndSetChildDomain (30ms)
		EndReloadAssembly (443ms)
			LoadAssemblies (33ms)
			RebuildTransferFunctionScriptingTraits (0ms)
			SetupTypeCache (171ms)
			ReleaseScriptCaches (1ms)
			RebuildScriptCaches (27ms)
			SetupLoadedEditorAssemblies (154ms)
				LogAssemblyErrors (0ms)
				InitializePlatformSupportModulesInManaged (19ms)
				SetLoadedEditorAssemblies (0ms)
				RefreshPlugins (0ms)
				BeforeProcessingInitializeOnLoad (35ms)
				ProcessInitializeOnLoadAttributes (90ms)
				ProcessInitializeOnLoadMethodAttributes (9ms)
				AfterProcessingInitializeOnLoad (1ms)
				EditorAssembliesLoaded (0ms)
			ExecutionOrderSort2 (0ms)
			AwakeInstancesAfterBackupRestoration (2ms)
Platform modules already initialized, skipping
Refreshing native plugins compatible for Editor in 0.60 ms, found 2 plugins.
Preloading 0 native plugins for Editor in 0.00 ms.
Unloading 3043 Unused Serialized files (Serialized files now loaded: 0)
Unloading 16 unused Assets / (21.9 KB). Loaded Objects now: 3613.
Memory consumption went from 118.0 MB to 118.0 MB.
Total: 2.012209 ms (FindLiveObjects: 0.106458 ms CreateObjectMapping: 0.037042 ms MarkObjects: 1.854916 ms  DeleteObjects: 0.013209 ms)

AssetImportParameters requested are different than current active one (requested -> active):
  custom:video-decoder-ogg-theora: a1e56fd34408186e4bbccfd4996cb3dc -> 
  custom:container-muxer-webm: aa71ff27fc2769a1b78a27578f13a17b -> 
  custom:container-demuxer-webm: 4f35f7cbe854078d1ac9338744f61a02 -> 
  custom:video-encoder-webm-vp8: eb34c28f22e8b96e1ab97ce403110664 -> 
  custom:framework-osx-AVFoundation: e770b220cccbd017edd2c1fefb359320 -> 
  custom:audio-encoder-webm-vorbis: bf7c407c2cedff20999df2af8eb42d56 -> 
  custom:container-demuxer-ogg: 62fdf1f143b41e24485cea50d1cbac27 -> 
  custom:video-decoder-webm-vp8: 9c59270c3fd7afecdb556c50c9e8de78 -> 
  custom:audio-decoder-ogg-vorbis: bf7c407c2cedff20999df2af8eb42d56 -> 
========================================================================
Received Prepare
Registering precompiled user dll's ...
Registered in 0.001668 seconds.
Begin MonoManager ReloadAssembly
Thread 0x17f7df000 may have been prematurely finalized
Symbol file LoadedFromMemory doesn't match image /Users/steve/repos/unity-craftii-kiosk/unity-craftii-kiosk/Library/PackageCache/com.unity.visualscripting@1.8.0/Editor/VisualScripting.Core/Dependencies/YamlDotNet/Unity.VisualScripting.YamlDotNet.dll
Symbol file LoadedFromMemory doesn't match image /Users/steve/repos/unity-craftii-kiosk/unity-craftii-kiosk/Library/PackageCache/com.unity.visualscripting@1.8.0/Editor/VisualScripting.Core/Dependencies/DotNetZip/Unity.VisualScripting.IonicZip.dll
Native extension for LinuxStandalone target not found
Native extension for WindowsStandalone target not found
Native extension for iOS target not found
Native extension for Android target not found
Native extension for OSXStandalone target not found
Native extension for WebGL target not found
Refreshing native plugins compatible for Editor in 0.41 ms, found 2 plugins.
Preloading 0 native plugins for Editor in 0.00 ms.
Mono: successfully reloaded assembly
- Completed reload, in  0.582 seconds
Domain Reload Profiling:
	ReloadAssembly (582ms)
		BeginReloadAssembly (75ms)
			ExecutionOrderSort (0ms)
			DisableScriptedObjects (3ms)
			BackupInstance (0ms)
			ReleaseScriptingObjects (0ms)
			CreateAndSetChildDomain (27ms)
		EndReloadAssembly (451ms)
			LoadAssemblies (32ms)
			RebuildTransferFunctionScriptingTraits (0ms)
			SetupTypeCache (170ms)
			ReleaseScriptCaches (1ms)
			RebuildScriptCaches (26ms)
			SetupLoadedEditorAssemblies (165ms)
				LogAssemblyErrors (0ms)
				InitializePlatformSupportModulesInManaged (19ms)
				SetLoadedEditorAssemblies (0ms)
				RefreshPlugins (0ms)
				BeforeProcessingInitializeOnLoad (36ms)
				ProcessInitializeOnLoadAttributes (98ms)
				ProcessInitializeOnLoadMethodAttributes (10ms)
				AfterProcessingInitializeOnLoad (1ms)
				EditorAssembliesLoaded (0ms)
			ExecutionOrderSort2 (0ms)
			AwakeInstancesAfterBackupRestoration (2ms)
Platform modules already initialized, skipping
Refreshing native plugins compatible for Editor in 2.02 ms, found 2 plugins.
Preloading 0 native plugins for Editor in 0.00 ms.
Unloading 3043 Unused Serialized files (Serialized files now loaded: 0)
Unloading 16 unused Assets / (22.0 KB). Loaded Objects now: 3616.
Memory consumption went from 118.1 MB to 118.0 MB.
Total: 2.229834 ms (FindLiveObjects: 0.100125 ms CreateObjectMapping: 0.036458 ms MarkObjects: 2.073959 ms  DeleteObjects: 0.018625 ms)

AssetImportParameters requested are different than current active one (requested -> active):
  custom:video-decoder-ogg-theora: a1e56fd34408186e4bbccfd4996cb3dc -> 
  custom:container-muxer-webm: aa71ff27fc2769a1b78a27578f13a17b -> 
  custom:container-demuxer-webm: 4f35f7cbe854078d1ac9338744f61a02 -> 
  custom:video-encoder-webm-vp8: eb34c28f22e8b96e1ab97ce403110664 -> 
  custom:framework-osx-AVFoundation: e770b220cccbd017edd2c1fefb359320 -> 
  custom:audio-encoder-webm-vorbis: bf7c407c2cedff20999df2af8eb42d56 -> 
  custom:container-demuxer-ogg: 62fdf1f143b41e24485cea50d1cbac27 -> 
  custom:video-decoder-webm-vp8: 9c59270c3fd7afecdb556c50c9e8de78 -> 
  custom:audio-decoder-ogg-vorbis: bf7c407c2cedff20999df2af8eb42d56 -> 
========================================================================
Received Prepare
Registering precompiled user dll's ...
Registered in 0.001551 seconds.
Begin MonoManager ReloadAssembly
Thread 0x17f7df000 may have been prematurely finalized
Symbol file LoadedFromMemory doesn't match image /Users/steve/repos/unity-craftii-kiosk/unity-craftii-kiosk/Library/PackageCache/com.unity.visualscripting@1.8.0/Editor/VisualScripting.Core/Dependencies/YamlDotNet/Unity.VisualScripting.YamlDotNet.dll
Symbol file LoadedFromMemory doesn't match image /Users/steve/repos/unity-craftii-kiosk/unity-craftii-kiosk/Library/PackageCache/com.unity.visualscripting@1.8.0/Editor/VisualScripting.Core/Dependencies/DotNetZip/Unity.VisualScripting.IonicZip.dll
Native extension for LinuxStandalone target not found
Native extension for WindowsStandalone target not found
Native extension for iOS target not found
Native extension for Android target not found
Native extension for OSXStandalone target not found
Native extension for WebGL target not found
Refreshing native plugins compatible for Editor in 0.39 ms, found 2 plugins.
Preloading 0 native plugins for Editor in 0.00 ms.
Mono: successfully reloaded assembly
- Completed reload, in  0.578 seconds
Domain Reload Profiling:
	ReloadAssembly (578ms)
		BeginReloadAssembly (76ms)
			ExecutionOrderSort (0ms)
			DisableScriptedObjects (3ms)
			BackupInstance (0ms)
			ReleaseScriptingObjects (0ms)
			CreateAndSetChildDomain (27ms)
		EndReloadAssembly (446ms)
			LoadAssemblies (33ms)
			RebuildTransferFunctionScriptingTraits (0ms)
			SetupTypeCache (167ms)
			ReleaseScriptCaches (1ms)
			RebuildScriptCaches (26ms)
			SetupLoadedEditorAssemblies (160ms)
				LogAssemblyErrors (0ms)
				InitializePlatformSupportModulesInManaged (19ms)
				SetLoadedEditorAssemblies (0ms)
				RefreshPlugins (0ms)
				BeforeProcessingInitializeOnLoad (36ms)
				ProcessInitializeOnLoadAttributes (94ms)
				ProcessInitializeOnLoadMethodAttributes (10ms)
				AfterProcessingInitializeOnLoad (1ms)
				EditorAssembliesLoaded (0ms)
			ExecutionOrderSort2 (0ms)
			AwakeInstancesAfterBackupRestoration (2ms)
Platform modules already initialized, skipping
Refreshing native plugins compatible for Editor in 0.60 ms, found 2 plugins.
Preloading 0 native plugins for Editor in 0.00 ms.
Unloading 3043 Unused Serialized files (Serialized files now loaded: 0)
Unloading 16 unused Assets / (21.9 KB). Loaded Objects now: 3619.
Memory consumption went from 118.1 MB to 118.0 MB.
Total: 2.085166 ms (FindLiveObjects: 0.098292 ms CreateObjectMapping: 0.036209 ms MarkObjects: 1.932958 ms  DeleteObjects: 0.017458 ms)

AssetImportParameters requested are different than current active one (requested -> active):
  custom:video-decoder-ogg-theora: a1e56fd34408186e4bbccfd4996cb3dc -> 
  custom:container-muxer-webm: aa71ff27fc2769a1b78a27578f13a17b -> 
  custom:container-demuxer-webm: 4f35f7cbe854078d1ac9338744f61a02 -> 
  custom:video-encoder-webm-vp8: eb34c28f22e8b96e1ab97ce403110664 -> 
  custom:framework-osx-AVFoundation: e770b220cccbd017edd2c1fefb359320 -> 
  custom:audio-encoder-webm-vorbis: bf7c407c2cedff20999df2af8eb42d56 -> 
  custom:container-demuxer-ogg: 62fdf1f143b41e24485cea50d1cbac27 -> 
  custom:video-decoder-webm-vp8: 9c59270c3fd7afecdb556c50c9e8de78 -> 
  custom:audio-decoder-ogg-vorbis: bf7c407c2cedff20999df2af8eb42d56 -> 
========================================================================
Received Prepare
Registering precompiled user dll's ...
Registered in 0.001369 seconds.
Begin MonoManager ReloadAssembly
Thread 0x17f7df000 may have been prematurely finalized
Symbol file LoadedFromMemory doesn't match image /Users/steve/repos/unity-craftii-kiosk/unity-craftii-kiosk/Library/PackageCache/com.unity.visualscripting@1.8.0/Editor/VisualScripting.Core/Dependencies/YamlDotNet/Unity.VisualScripting.YamlDotNet.dll
Symbol file LoadedFromMemory doesn't match image /Users/steve/repos/unity-craftii-kiosk/unity-craftii-kiosk/Library/PackageCache/com.unity.visualscripting@1.8.0/Editor/VisualScripting.Core/Dependencies/DotNetZip/Unity.VisualScripting.IonicZip.dll
Native extension for LinuxStandalone target not found
Native extension for WindowsStandalone target not found
Native extension for iOS target not found
Native extension for Android target not found
Native extension for OSXStandalone target not found
Native extension for WebGL target not found
Refreshing native plugins compatible for Editor in 0.35 ms, found 2 plugins.
Preloading 0 native plugins for Editor in 0.00 ms.
Mono: successfully reloaded assembly
- Completed reload, in  0.583 seconds
Domain Reload Profiling:
	ReloadAssembly (583ms)
		BeginReloadAssembly (76ms)
			ExecutionOrderSort (0ms)
			DisableScriptedObjects (3ms)
			BackupInstance (0ms)
			ReleaseScriptingObjects (0ms)
			CreateAndSetChildDomain (29ms)
		EndReloadAssembly (452ms)
			LoadAssemblies (28ms)
			RebuildTransferFunctionScriptingTraits (0ms)
			SetupTypeCache (170ms)
			ReleaseScriptCaches (1ms)
			RebuildScriptCaches (26ms)
			SetupLoadedEditorAssemblies (163ms)
				LogAssemblyErrors (0ms)
				InitializePlatformSupportModulesInManaged (18ms)
				SetLoadedEditorAssemblies (0ms)
				RefreshPlugins (0ms)
				BeforeProcessingInitializeOnLoad (35ms)
				ProcessInitializeOnLoadAttributes (98ms)
				ProcessInitializeOnLoadMethodAttributes (10ms)
				AfterProcessingInitializeOnLoad (1ms)
				EditorAssembliesLoaded (0ms)
			ExecutionOrderSort2 (0ms)
			AwakeInstancesAfterBackupRestoration (2ms)
Platform modules already initialized, skipping
Refreshing native plugins compatible for Editor in 0.67 ms, found 2 plugins.
Preloading 0 native plugins for Editor in 0.00 ms.
Unloading 3043 Unused Serialized files (Serialized files now loaded: 0)
Unloading 16 unused Assets / (22.0 KB). Loaded Objects now: 3622.
Memory consumption went from 118.1 MB to 118.0 MB.
Total: 2.259750 ms (FindLiveObjects: 0.104750 ms CreateObjectMapping: 0.039250 ms MarkObjects: 2.101375 ms  DeleteObjects: 0.013917 ms)

AssetImportParameters requested are different than current active one (requested -> active):
  custom:video-decoder-ogg-theora: a1e56fd34408186e4bbccfd4996cb3dc -> 
  custom:container-muxer-webm: aa71ff27fc2769a1b78a27578f13a17b -> 
  custom:container-demuxer-webm: 4f35f7cbe854078d1ac9338744f61a02 -> 
  custom:video-encoder-webm-vp8: eb34c28f22e8b96e1ab97ce403110664 -> 
  custom:framework-osx-AVFoundation: e770b220cccbd017edd2c1fefb359320 -> 
  custom:audio-encoder-webm-vorbis: bf7c407c2cedff20999df2af8eb42d56 -> 
  custom:container-demuxer-ogg: 62fdf1f143b41e24485cea50d1cbac27 -> 
  custom:video-decoder-webm-vp8: 9c59270c3fd7afecdb556c50c9e8de78 -> 
  custom:audio-decoder-ogg-vorbis: bf7c407c2cedff20999df2af8eb42d56 -> 
========================================================================
Received Prepare
Registering precompiled user dll's ...
Registered in 0.001510 seconds.
Begin MonoManager ReloadAssembly
Thread 0x17f7df000 may have been prematurely finalized
Symbol file LoadedFromMemory doesn't match image /Users/steve/repos/unity-craftii-kiosk/unity-craftii-kiosk/Library/PackageCache/com.unity.visualscripting@1.8.0/Editor/VisualScripting.Core/Dependencies/YamlDotNet/Unity.VisualScripting.YamlDotNet.dll
Symbol file LoadedFromMemory doesn't match image /Users/steve/repos/unity-craftii-kiosk/unity-craftii-kiosk/Library/PackageCache/com.unity.visualscripting@1.8.0/Editor/VisualScripting.Core/Dependencies/DotNetZip/Unity.VisualScripting.IonicZip.dll
Native extension for LinuxStandalone target not found
Native extension for WindowsStandalone target not found
Native extension for iOS target not found
Native extension for Android target not found
Native extension for OSXStandalone target not found
Native extension for WebGL target not found
Refreshing native plugins compatible for Editor in 0.30 ms, found 2 plugins.
Preloading 0 native plugins for Editor in 0.00 ms.
Mono: successfully reloaded assembly
- Completed reload, in  0.579 seconds
Domain Reload Profiling:
	ReloadAssembly (579ms)
		BeginReloadAssembly (76ms)
			ExecutionOrderSort (0ms)
			DisableScriptedObjects (3ms)
			BackupInstance (0ms)
			ReleaseScriptingObjects (0ms)
			CreateAndSetChildDomain (28ms)
		EndReloadAssembly (447ms)
			LoadAssemblies (33ms)
			RebuildTransferFunctionScriptingTraits (0ms)
			SetupTypeCache (168ms)
			ReleaseScriptCaches (1ms)
			RebuildScriptCaches (26ms)
			SetupLoadedEditorAssemblies (160ms)
				LogAssemblyErrors (0ms)
				InitializePlatformSupportModulesInManaged (19ms)
				SetLoadedEditorAssemblies (0ms)
				RefreshPlugins (0ms)
				BeforeProcessingInitializeOnLoad (35ms)
				ProcessInitializeOnLoadAttributes (94ms)
				ProcessInitializeOnLoadMethodAttributes (10ms)
				AfterProcessingInitializeOnLoad (1ms)
				EditorAssembliesLoaded (0ms)
			ExecutionOrderSort2 (0ms)
			AwakeInstancesAfterBackupRestoration (2ms)
Platform modules already initialized, skipping
Refreshing native plugins compatible for Editor in 0.69 ms, found 2 plugins.
Preloading 0 native plugins for Editor in 0.00 ms.
Unloading 3043 Unused Serialized files (Serialized files now loaded: 0)
Unloading 16 unused Assets / (22.0 KB). Loaded Objects now: 3625.
Memory consumption went from 118.1 MB to 118.1 MB.
Total: 2.025583 ms (FindLiveObjects: 0.107000 ms CreateObjectMapping: 0.036041 ms MarkObjects: 1.870417 ms  DeleteObjects: 0.011417 ms)

AssetImportParameters requested are different than current active one (requested -> active):
  custom:video-decoder-ogg-theora: a1e56fd34408186e4bbccfd4996cb3dc -> 
  custom:container-muxer-webm: aa71ff27fc2769a1b78a27578f13a17b -> 
  custom:container-demuxer-webm: 4f35f7cbe854078d1ac9338744f61a02 -> 
  custom:video-encoder-webm-vp8: eb34c28f22e8b96e1ab97ce403110664 -> 
  custom:framework-osx-AVFoundation: e770b220cccbd017edd2c1fefb359320 -> 
  custom:audio-encoder-webm-vorbis: bf7c407c2cedff20999df2af8eb42d56 -> 
  custom:container-demuxer-ogg: 62fdf1f143b41e24485cea50d1cbac27 -> 
  custom:video-decoder-webm-vp8: 9c59270c3fd7afecdb556c50c9e8de78 -> 
  custom:audio-decoder-ogg-vorbis: bf7c407c2cedff20999df2af8eb42d56 -> 
========================================================================
Received Prepare
Registering precompiled user dll's ...
Registered in 0.001352 seconds.
Begin MonoManager ReloadAssembly
Thread 0x17f7df000 may have been prematurely finalized
Symbol file LoadedFromMemory doesn't match image /Users/steve/repos/unity-craftii-kiosk/unity-craftii-kiosk/Library/PackageCache/com.unity.visualscripting@1.8.0/Editor/VisualScripting.Core/Dependencies/YamlDotNet/Unity.VisualScripting.YamlDotNet.dll
Symbol file LoadedFromMemory doesn't match image /Users/steve/repos/unity-craftii-kiosk/unity-craftii-kiosk/Library/PackageCache/com.unity.visualscripting@1.8.0/Editor/VisualScripting.Core/Dependencies/DotNetZip/Unity.VisualScripting.IonicZip.dll
Native extension for LinuxStandalone target not found
Native extension for WindowsStandalone target not found
Native extension for iOS target not found
Native extension for Android target not found
Native extension for OSXStandalone target not found
Native extension for WebGL target not found
Refreshing native plugins compatible for Editor in 0.33 ms, found 2 plugins.
Preloading 0 native plugins for Editor in 0.00 ms.
Mono: successfully reloaded assembly
- Completed reload, in  0.586 seconds
Domain Reload Profiling:
	ReloadAssembly (587ms)
		BeginReloadAssembly (75ms)
			ExecutionOrderSort (0ms)
			DisableScriptedObjects (3ms)
			BackupInstance (0ms)
			ReleaseScriptingObjects (0ms)
			CreateAndSetChildDomain (28ms)
		EndReloadAssembly (456ms)
			LoadAssemblies (31ms)
			RebuildTransferFunctionScriptingTraits (0ms)
			SetupTypeCache (170ms)
			ReleaseScriptCaches (1ms)
			RebuildScriptCaches (27ms)
			SetupLoadedEditorAssemblies (165ms)
				LogAssemblyErrors (0ms)
				InitializePlatformSupportModulesInManaged (18ms)
				SetLoadedEditorAssemblies (0ms)
				RefreshPlugins (0ms)
				BeforeProcessingInitializeOnLoad (37ms)
				ProcessInitializeOnLoadAttributes (98ms)
				ProcessInitializeOnLoadMethodAttributes (10ms)
				AfterProcessingInitializeOnLoad (1ms)
				EditorAssembliesLoaded (0ms)
			ExecutionOrderSort2 (0ms)
			AwakeInstancesAfterBackupRestoration (2ms)
Platform modules already initialized, skipping
Refreshing native plugins compatible for Editor in 0.68 ms, found 2 plugins.
Preloading 0 native plugins for Editor in 0.00 ms.
Unloading 3043 Unused Serialized files (Serialized files now loaded: 0)
Unloading 16 unused Assets / (22.0 KB). Loaded Objects now: 3628.
Memory consumption went from 118.1 MB to 118.1 MB.
Total: 2.220292 ms (FindLiveObjects: 0.101834 ms CreateObjectMapping: 0.037375 ms MarkObjects: 2.067083 ms  DeleteObjects: 0.013584 ms)

AssetImportParameters requested are different than current active one (requested -> active):
  custom:video-decoder-ogg-theora: a1e56fd34408186e4bbccfd4996cb3dc -> 
  custom:container-muxer-webm: aa71ff27fc2769a1b78a27578f13a17b -> 
  custom:container-demuxer-webm: 4f35f7cbe854078d1ac9338744f61a02 -> 
  custom:video-encoder-webm-vp8: eb34c28f22e8b96e1ab97ce403110664 -> 
  custom:framework-osx-AVFoundation: e770b220cccbd017edd2c1fefb359320 -> 
  custom:audio-encoder-webm-vorbis: bf7c407c2cedff20999df2af8eb42d56 -> 
  custom:container-demuxer-ogg: 62fdf1f143b41e24485cea50d1cbac27 -> 
  custom:video-decoder-webm-vp8: 9c59270c3fd7afecdb556c50c9e8de78 -> 
  custom:audio-decoder-ogg-vorbis: bf7c407c2cedff20999df2af8eb42d56 -> 
========================================================================
Received Prepare
Registering precompiled user dll's ...
Registered in 0.001419 seconds.
Begin MonoManager ReloadAssembly
Thread 0x17f7df000 may have been prematurely finalized
Symbol file LoadedFromMemory doesn't match image /Users/steve/repos/unity-craftii-kiosk/unity-craftii-kiosk/Library/PackageCache/com.unity.visualscripting@1.8.0/Editor/VisualScripting.Core/Dependencies/YamlDotNet/Unity.VisualScripting.YamlDotNet.dll
Symbol file LoadedFromMemory doesn't match image /Users/steve/repos/unity-craftii-kiosk/unity-craftii-kiosk/Library/PackageCache/com.unity.visualscripting@1.8.0/Editor/VisualScripting.Core/Dependencies/DotNetZip/Unity.VisualScripting.IonicZip.dll
Native extension for LinuxStandalone target not found
Native extension for WindowsStandalone target not found
Native extension for iOS target not found
Native extension for Android target not found
Native extension for OSXStandalone target not found
Native extension for WebGL target not found
Refreshing native plugins compatible for Editor in 0.35 ms, found 2 plugins.
Preloading 0 native plugins for Editor in 0.00 ms.
Mono: successfully reloaded assembly
- Completed reload, in  0.588 seconds
Domain Reload Profiling:
	ReloadAssembly (589ms)
		BeginReloadAssembly (76ms)
			ExecutionOrderSort (0ms)
			DisableScriptedObjects (3ms)
			BackupInstance (0ms)
			ReleaseScriptingObjects (0ms)
			CreateAndSetChildDomain (28ms)
		EndReloadAssembly (456ms)
			LoadAssemblies (31ms)
			RebuildTransferFunctionScriptingTraits (0ms)
			SetupTypeCache (166ms)
			ReleaseScriptCaches (1ms)
			RebuildScriptCaches (28ms)
			SetupLoadedEditorAssemblies (167ms)
				LogAssemblyErrors (0ms)
				InitializePlatformSupportModulesInManaged (19ms)
				SetLoadedEditorAssemblies (0ms)
				RefreshPlugins (0ms)
				BeforeProcessingInitializeOnLoad (37ms)
				ProcessInitializeOnLoadAttributes (100ms)
				ProcessInitializeOnLoadMethodAttributes (10ms)
				AfterProcessingInitializeOnLoad (1ms)
				EditorAssembliesLoaded (0ms)
			ExecutionOrderSort2 (0ms)
			AwakeInstancesAfterBackupRestoration (2ms)
Platform modules already initialized, skipping
Refreshing native plugins compatible for Editor in 0.68 ms, found 2 plugins.
Preloading 0 native plugins for Editor in 0.00 ms.
Unloading 3043 Unused Serialized files (Serialized files now loaded: 0)
Unloading 16 unused Assets / (22.0 KB). Loaded Objects now: 3631.
Memory consumption went from 118.1 MB to 118.1 MB.
Total: 2.088125 ms (FindLiveObjects: 0.100708 ms CreateObjectMapping: 0.037375 ms MarkObjects: 1.935542 ms  DeleteObjects: 0.014208 ms)

AssetImportParameters requested are different than current active one (requested -> active):
  custom:video-decoder-ogg-theora: a1e56fd34408186e4bbccfd4996cb3dc -> 
  custom:container-muxer-webm: aa71ff27fc2769a1b78a27578f13a17b -> 
  custom:container-demuxer-webm: 4f35f7cbe854078d1ac9338744f61a02 -> 
  custom:video-encoder-webm-vp8: eb34c28f22e8b96e1ab97ce403110664 -> 
  custom:framework-osx-AVFoundation: e770b220cccbd017edd2c1fefb359320 -> 
  custom:audio-encoder-webm-vorbis: bf7c407c2cedff20999df2af8eb42d56 -> 
  custom:container-demuxer-ogg: 62fdf1f143b41e24485cea50d1cbac27 -> 
  custom:video-decoder-webm-vp8: 9c59270c3fd7afecdb556c50c9e8de78 -> 
  custom:audio-decoder-ogg-vorbis: bf7c407c2cedff20999df2af8eb42d56 -> 
========================================================================
Received Prepare
Registering precompiled user dll's ...
Registered in 0.001477 seconds.
Begin MonoManager ReloadAssembly
Thread 0x17f753000 may have been prematurely finalized
Symbol file LoadedFromMemory doesn't match image /Users/steve/repos/unity-craftii-kiosk/unity-craftii-kiosk/Library/PackageCache/com.unity.visualscripting@1.8.0/Editor/VisualScripting.Core/Dependencies/YamlDotNet/Unity.VisualScripting.YamlDotNet.dll
Symbol file LoadedFromMemory doesn't match image /Users/steve/repos/unity-craftii-kiosk/unity-craftii-kiosk/Library/PackageCache/com.unity.visualscripting@1.8.0/Editor/VisualScripting.Core/Dependencies/DotNetZip/Unity.VisualScripting.IonicZip.dll
Native extension for LinuxStandalone target not found
Native extension for WindowsStandalone target not found
Native extension for iOS target not found
Native extension for Android target not found
Native extension for OSXStandalone target not found
Native extension for WebGL target not found
Refreshing native plugins compatible for Editor in 0.38 ms, found 2 plugins.
Preloading 0 native plugins for Editor in 0.00 ms.
Mono: successfully reloaded assembly
- Completed reload, in  0.582 seconds
Domain Reload Profiling:
	ReloadAssembly (583ms)
		BeginReloadAssembly (77ms)
			ExecutionOrderSort (0ms)
			DisableScriptedObjects (3ms)
			BackupInstance (0ms)
			ReleaseScriptingObjects (0ms)
			CreateAndSetChildDomain (29ms)
		EndReloadAssembly (449ms)
			LoadAssemblies (32ms)
			RebuildTransferFunctionScriptingTraits (0ms)
			SetupTypeCache (167ms)
			ReleaseScriptCaches (1ms)
			RebuildScriptCaches (26ms)
			SetupLoadedEditorAssemblies (164ms)
				LogAssemblyErrors (0ms)
				InitializePlatformSupportModulesInManaged (18ms)
				SetLoadedEditorAssemblies (0ms)
				RefreshPlugins (0ms)
				BeforeProcessingInitializeOnLoad (36ms)
				ProcessInitializeOnLoadAttributes (98ms)
				ProcessInitializeOnLoadMethodAttributes (10ms)
				AfterProcessingInitializeOnLoad (1ms)
				EditorAssembliesLoaded (0ms)
			ExecutionOrderSort2 (0ms)
			AwakeInstancesAfterBackupRestoration (2ms)
Platform modules already initialized, skipping
Refreshing native plugins compatible for Editor in 0.79 ms, found 2 plugins.
Preloading 0 native plugins for Editor in 0.00 ms.
Unloading 3043 Unused Serialized files (Serialized files now loaded: 0)
Unloading 16 unused Assets / (22.0 KB). Loaded Objects now: 3634.
Memory consumption went from 118.1 MB to 118.1 MB.
Total: 1.992500 ms (FindLiveObjects: 0.101292 ms CreateObjectMapping: 0.035333 ms MarkObjects: 1.841792 ms  DeleteObjects: 0.013500 ms)

AssetImportParameters requested are different than current active one (requested -> active):
  custom:video-decoder-ogg-theora: a1e56fd34408186e4bbccfd4996cb3dc -> 
  custom:container-muxer-webm: aa71ff27fc2769a1b78a27578f13a17b -> 
  custom:container-demuxer-webm: 4f35f7cbe854078d1ac9338744f61a02 -> 
  custom:video-encoder-webm-vp8: eb34c28f22e8b96e1ab97ce403110664 -> 
  custom:framework-osx-AVFoundation: e770b220cccbd017edd2c1fefb359320 -> 
  custom:audio-encoder-webm-vorbis: bf7c407c2cedff20999df2af8eb42d56 -> 
  custom:container-demuxer-ogg: 62fdf1f143b41e24485cea50d1cbac27 -> 
  custom:video-decoder-webm-vp8: 9c59270c3fd7afecdb556c50c9e8de78 -> 
  custom:audio-decoder-ogg-vorbis: bf7c407c2cedff20999df2af8eb42d56 -> 
========================================================================
Received Prepare
Registering precompiled user dll's ...
Registered in 0.001263 seconds.
Begin MonoManager ReloadAssembly
Thread 0x17f7df000 may have been prematurely finalized
Symbol file LoadedFromMemory doesn't match image /Users/steve/repos/unity-craftii-kiosk/unity-craftii-kiosk/Library/PackageCache/com.unity.visualscripting@1.8.0/Editor/VisualScripting.Core/Dependencies/YamlDotNet/Unity.VisualScripting.YamlDotNet.dll
Symbol file LoadedFromMemory doesn't match image /Users/steve/repos/unity-craftii-kiosk/unity-craftii-kiosk/Library/PackageCache/com.unity.visualscripting@1.8.0/Editor/VisualScripting.Core/Dependencies/DotNetZip/Unity.VisualScripting.IonicZip.dll
Native extension for LinuxStandalone target not found
Native extension for WindowsStandalone target not found
Native extension for iOS target not found
Native extension for Android target not found
Native extension for OSXStandalone target not found
Native extension for WebGL target not found
Refreshing native plugins compatible for Editor in 0.35 ms, found 2 plugins.
Preloading 0 native plugins for Editor in 0.00 ms.
Mono: successfully reloaded assembly
- Completed reload, in  0.578 seconds
Domain Reload Profiling:
	ReloadAssembly (579ms)
		BeginReloadAssembly (74ms)
			ExecutionOrderSort (0ms)
			DisableScriptedObjects (3ms)
			BackupInstance (0ms)
			ReleaseScriptingObjects (0ms)
			CreateAndSetChildDomain (27ms)
		EndReloadAssembly (449ms)
			LoadAssemblies (30ms)
			RebuildTransferFunctionScriptingTraits (0ms)
			SetupTypeCache (168ms)
			ReleaseScriptCaches (1ms)
			RebuildScriptCaches (28ms)
			SetupLoadedEditorAssemblies (164ms)
				LogAssemblyErrors (0ms)
				InitializePlatformSupportModulesInManaged (18ms)
				SetLoadedEditorAssemblies (0ms)
				RefreshPlugins (0ms)
				BeforeProcessingInitializeOnLoad (36ms)
				ProcessInitializeOnLoadAttributes (97ms)
				ProcessInitializeOnLoadMethodAttributes (10ms)
				AfterProcessingInitializeOnLoad (1ms)
				EditorAssembliesLoaded (0ms)
			ExecutionOrderSort2 (0ms)
			AwakeInstancesAfterBackupRestoration (2ms)
Platform modules already initialized, skipping
Refreshing native plugins compatible for Editor in 0.65 ms, found 2 plugins.
Preloading 0 native plugins for Editor in 0.00 ms.
Unloading 3043 Unused Serialized files (Serialized files now loaded: 0)
Unloading 16 unused Assets / (22.0 KB). Loaded Objects now: 3637.
Memory consumption went from 118.1 MB to 118.1 MB.
Total: 2.059166 ms (FindLiveObjects: 0.113875 ms CreateObjectMapping: 0.036958 ms MarkObjects: 1.894084 ms  DeleteObjects: 0.013750 ms)

AssetImportParameters requested are different than current active one (requested -> active):
  custom:video-decoder-ogg-theora: a1e56fd34408186e4bbccfd4996cb3dc -> 
  custom:container-muxer-webm: aa71ff27fc2769a1b78a27578f13a17b -> 
  custom:container-demuxer-webm: 4f35f7cbe854078d1ac9338744f61a02 -> 
  custom:video-encoder-webm-vp8: eb34c28f22e8b96e1ab97ce403110664 -> 
  custom:framework-osx-AVFoundation: e770b220cccbd017edd2c1fefb359320 -> 
  custom:audio-encoder-webm-vorbis: bf7c407c2cedff20999df2af8eb42d56 -> 
  custom:container-demuxer-ogg: 62fdf1f143b41e24485cea50d1cbac27 -> 
  custom:video-decoder-webm-vp8: 9c59270c3fd7afecdb556c50c9e8de78 -> 
  custom:audio-decoder-ogg-vorbis: bf7c407c2cedff20999df2af8eb42d56 -> 
========================================================================
Received Prepare
Registering precompiled user dll's ...
Registered in 0.001524 seconds.
Begin MonoManager ReloadAssembly
Thread 0x17f7df000 may have been prematurely finalized
Symbol file LoadedFromMemory doesn't match image /Users/steve/repos/unity-craftii-kiosk/unity-craftii-kiosk/Library/PackageCache/com.unity.visualscripting@1.8.0/Editor/VisualScripting.Core/Dependencies/YamlDotNet/Unity.VisualScripting.YamlDotNet.dll
Symbol file LoadedFromMemory doesn't match image /Users/steve/repos/unity-craftii-kiosk/unity-craftii-kiosk/Library/PackageCache/com.unity.visualscripting@1.8.0/Editor/VisualScripting.Core/Dependencies/DotNetZip/Unity.VisualScripting.IonicZip.dll
Native extension for LinuxStandalone target not found
Native extension for WindowsStandalone target not found
Native extension for iOS target not found
Native extension for Android target not found
Native extension for OSXStandalone target not found
Native extension for WebGL target not found
Refreshing native plugins compatible for Editor in 0.32 ms, found 2 plugins.
Preloading 0 native plugins for Editor in 0.00 ms.
Mono: successfully reloaded assembly
- Completed reload, in  0.580 seconds
Domain Reload Profiling:
	ReloadAssembly (581ms)
		BeginReloadAssembly (74ms)
			ExecutionOrderSort (0ms)
			DisableScriptedObjects (3ms)
			BackupInstance (0ms)
			ReleaseScriptingObjects (0ms)
			CreateAndSetChildDomain (29ms)
		EndReloadAssembly (450ms)
			LoadAssemblies (29ms)
			RebuildTransferFunctionScriptingTraits (0ms)
			SetupTypeCache (167ms)
			ReleaseScriptCaches (1ms)
			RebuildScriptCaches (26ms)
			SetupLoadedEditorAssemblies (165ms)
				LogAssemblyErrors (0ms)
				InitializePlatformSupportModulesInManaged (18ms)
				SetLoadedEditorAssemblies (0ms)
				RefreshPlugins (0ms)
				BeforeProcessingInitializeOnLoad (35ms)
				ProcessInitializeOnLoadAttributes (99ms)
				ProcessInitializeOnLoadMethodAttributes (11ms)
				AfterProcessingInitializeOnLoad (1ms)
				EditorAssembliesLoaded (0ms)
			ExecutionOrderSort2 (0ms)
			AwakeInstancesAfterBackupRestoration (3ms)
Platform modules already initialized, skipping
Refreshing native plugins compatible for Editor in 0.71 ms, found 2 plugins.
Preloading 0 native plugins for Editor in 0.00 ms.
Unloading 3043 Unused Serialized files (Serialized files now loaded: 0)
Unloading 16 unused Assets / (21.9 KB). Loaded Objects now: 3640.
Memory consumption went from 118.1 MB to 118.1 MB.
Total: 2.087417 ms (FindLiveObjects: 0.109625 ms CreateObjectMapping: 0.036625 ms MarkObjects: 1.926125 ms  DeleteObjects: 0.014625 ms)

AssetImportParameters requested are different than current active one (requested -> active):
  custom:video-decoder-ogg-theora: a1e56fd34408186e4bbccfd4996cb3dc -> 
  custom:container-muxer-webm: aa71ff27fc2769a1b78a27578f13a17b -> 
  custom:container-demuxer-webm: 4f35f7cbe854078d1ac9338744f61a02 -> 
  custom:video-encoder-webm-vp8: eb34c28f22e8b96e1ab97ce403110664 -> 
  custom:framework-osx-AVFoundation: e770b220cccbd017edd2c1fefb359320 -> 
  custom:audio-encoder-webm-vorbis: bf7c407c2cedff20999df2af8eb42d56 -> 
  custom:container-demuxer-ogg: 62fdf1f143b41e24485cea50d1cbac27 -> 
  custom:video-decoder-webm-vp8: 9c59270c3fd7afecdb556c50c9e8de78 -> 
  custom:audio-decoder-ogg-vorbis: bf7c407c2cedff20999df2af8eb42d56 -> 
========================================================================
Received Prepare
Registering precompiled user dll's ...
Registered in 0.001335 seconds.
Begin MonoManager ReloadAssembly
Thread 0x17f7df000 may have been prematurely finalized
Symbol file LoadedFromMemory doesn't match image /Users/steve/repos/unity-craftii-kiosk/unity-craftii-kiosk/Library/PackageCache/com.unity.visualscripting@1.8.0/Editor/VisualScripting.Core/Dependencies/YamlDotNet/Unity.VisualScripting.YamlDotNet.dll
Symbol file LoadedFromMemory doesn't match image /Users/steve/repos/unity-craftii-kiosk/unity-craftii-kiosk/Library/PackageCache/com.unity.visualscripting@1.8.0/Editor/VisualScripting.Core/Dependencies/DotNetZip/Unity.VisualScripting.IonicZip.dll
Native extension for LinuxStandalone target not found
Native extension for WindowsStandalone target not found
Native extension for iOS target not found
Native extension for Android target not found
Native extension for OSXStandalone target not found
Native extension for WebGL target not found
Refreshing native plugins compatible for Editor in 0.41 ms, found 2 plugins.
Preloading 0 native plugins for Editor in 0.00 ms.
Mono: successfully reloaded assembly
- Completed reload, in  0.577 seconds
Domain Reload Profiling:
	ReloadAssembly (577ms)
		BeginReloadAssembly (75ms)
			ExecutionOrderSort (0ms)
			DisableScriptedObjects (3ms)
			BackupInstance (0ms)
			ReleaseScriptingObjects (0ms)
			CreateAndSetChildDomain (28ms)
		EndReloadAssembly (446ms)
			LoadAssemblies (31ms)
			RebuildTransferFunctionScriptingTraits (0ms)
			SetupTypeCache (166ms)
			ReleaseScriptCaches (1ms)
			RebuildScriptCaches (29ms)
			SetupLoadedEditorAssemblies (162ms)
				LogAssemblyErrors (0ms)
				InitializePlatformSupportModulesInManaged (18ms)
				SetLoadedEditorAssemblies (0ms)
				RefreshPlugins (0ms)
				BeforeProcessingInitializeOnLoad (36ms)
				ProcessInitializeOnLoadAttributes (96ms)
				ProcessInitializeOnLoadMethodAttributes (10ms)
				AfterProcessingInitializeOnLoad (1ms)
				EditorAssembliesLoaded (0ms)
			ExecutionOrderSort2 (0ms)
			AwakeInstancesAfterBackupRestoration (2ms)
Platform modules already initialized, skipping
Refreshing native plugins compatible for Editor in 0.68 ms, found 2 plugins.
Preloading 0 native plugins for Editor in 0.00 ms.
Unloading 3043 Unused Serialized files (Serialized files now loaded: 0)
Unloading 16 unused Assets / (22.0 KB). Loaded Objects now: 3643.
Memory consumption went from 118.1 MB to 118.1 MB.
Total: 2.083791 ms (FindLiveObjects: 0.096959 ms CreateObjectMapping: 0.035125 ms MarkObjects: 1.938666 ms  DeleteObjects: 0.012709 ms)

AssetImportParameters requested are different than current active one (requested -> active):
  custom:video-decoder-ogg-theora: a1e56fd34408186e4bbccfd4996cb3dc -> 
  custom:container-muxer-webm: aa71ff27fc2769a1b78a27578f13a17b -> 
  custom:container-demuxer-webm: 4f35f7cbe854078d1ac9338744f61a02 -> 
  custom:video-encoder-webm-vp8: eb34c28f22e8b96e1ab97ce403110664 -> 
  custom:framework-osx-AVFoundation: e770b220cccbd017edd2c1fefb359320 -> 
  custom:audio-encoder-webm-vorbis: bf7c407c2cedff20999df2af8eb42d56 -> 
  custom:container-demuxer-ogg: 62fdf1f143b41e24485cea50d1cbac27 -> 
  custom:video-decoder-webm-vp8: 9c59270c3fd7afecdb556c50c9e8de78 -> 
  custom:audio-decoder-ogg-vorbis: bf7c407c2cedff20999df2af8eb42d56 -> 
========================================================================
Received Prepare
Refreshing native plugins compatible for Editor in 1.47 ms, found 2 plugins.
Preloading 0 native plugins for Editor in 0.00 ms.
Unloading 16 Unused Serialized files (Serialized files now loaded: 0)
Unloading 16 unused Assets / (21.9 KB). Loaded Objects now: 3643.
Memory consumption went from 57.5 MB to 57.5 MB.
Total: 2.098208 ms (FindLiveObjects: 0.117250 ms CreateObjectMapping: 0.036667 ms MarkObjects: 1.927583 ms  DeleteObjects: 0.016583 ms)

AssetImportParameters requested are different than current active one (requested -> active):
  custom:video-decoder-ogg-theora: a1e56fd34408186e4bbccfd4996cb3dc -> 
  custom:container-muxer-webm: aa71ff27fc2769a1b78a27578f13a17b -> 
  custom:container-demuxer-webm: 4f35f7cbe854078d1ac9338744f61a02 -> 
  custom:video-encoder-webm-vp8: eb34c28f22e8b96e1ab97ce403110664 -> 
  custom:framework-osx-AVFoundation: e770b220cccbd017edd2c1fefb359320 -> 
  custom:audio-encoder-webm-vorbis: bf7c407c2cedff20999df2af8eb42d56 -> 
  custom:container-demuxer-ogg: 62fdf1f143b41e24485cea50d1cbac27 -> 
  custom:video-decoder-webm-vp8: 9c59270c3fd7afecdb556c50c9e8de78 -> 
  custom:audio-decoder-ogg-vorbis: bf7c407c2cedff20999df2af8eb42d56 -> 
========================================================================
Received Prepare
Registering precompiled user dll's ...
Registered in 0.001474 seconds.
Begin MonoManager ReloadAssembly
Thread 0x17f7df000 may have been prematurely finalized
Symbol file LoadedFromMemory doesn't match image /Users/steve/repos/unity-craftii-kiosk/unity-craftii-kiosk/Library/PackageCache/com.unity.visualscripting@1.8.0/Editor/VisualScripting.Core/Dependencies/YamlDotNet/Unity.VisualScripting.YamlDotNet.dll
Symbol file LoadedFromMemory doesn't match image /Users/steve/repos/unity-craftii-kiosk/unity-craftii-kiosk/Library/PackageCache/com.unity.visualscripting@1.8.0/Editor/VisualScripting.Core/Dependencies/DotNetZip/Unity.VisualScripting.IonicZip.dll
Native extension for LinuxStandalone target not found
Native extension for WindowsStandalone target not found
Native extension for iOS target not found
Native extension for Android target not found
Native extension for OSXStandalone target not found
Native extension for WebGL target not found
Refreshing native plugins compatible for Editor in 0.41 ms, found 2 plugins.
Preloading 0 native plugins for Editor in 0.00 ms.
Mono: successfully reloaded assembly
- Completed reload, in  0.583 seconds
Domain Reload Profiling:
	ReloadAssembly (584ms)
		BeginReloadAssembly (77ms)
			ExecutionOrderSort (0ms)
			DisableScriptedObjects (3ms)
			BackupInstance (0ms)
			ReleaseScriptingObjects (0ms)
			CreateAndSetChildDomain (29ms)
		EndReloadAssembly (448ms)
			LoadAssemblies (33ms)
			RebuildTransferFunctionScriptingTraits (0ms)
			SetupTypeCache (168ms)
			ReleaseScriptCaches (1ms)
			RebuildScriptCaches (26ms)
			SetupLoadedEditorAssemblies (160ms)
				LogAssemblyErrors (0ms)
				InitializePlatformSupportModulesInManaged (20ms)
				SetLoadedEditorAssemblies (0ms)
				RefreshPlugins (0ms)
				BeforeProcessingInitializeOnLoad (36ms)
				ProcessInitializeOnLoadAttributes (92ms)
				ProcessInitializeOnLoadMethodAttributes (10ms)
				AfterProcessingInitializeOnLoad (1ms)
				EditorAssembliesLoaded (0ms)
			ExecutionOrderSort2 (0ms)
			AwakeInstancesAfterBackupRestoration (2ms)
Platform modules already initialized, skipping
Refreshing native plugins compatible for Editor in 0.67 ms, found 2 plugins.
Preloading 0 native plugins for Editor in 0.00 ms.
Unloading 3043 Unused Serialized files (Serialized files now loaded: 0)
Unloading 16 unused Assets / (21.9 KB). Loaded Objects now: 3646.
Memory consumption went from 118.1 MB to 118.1 MB.
Total: 1.969292 ms (FindLiveObjects: 0.113875 ms CreateObjectMapping: 0.037083 ms MarkObjects: 1.803167 ms  DeleteObjects: 0.014625 ms)

AssetImportParameters requested are different than current active one (requested -> active):
  custom:video-decoder-ogg-theora: a1e56fd34408186e4bbccfd4996cb3dc -> 
  custom:container-muxer-webm: aa71ff27fc2769a1b78a27578f13a17b -> 
  custom:container-demuxer-webm: 4f35f7cbe854078d1ac9338744f61a02 -> 
  custom:video-encoder-webm-vp8: eb34c28f22e8b96e1ab97ce403110664 -> 
  custom:framework-osx-AVFoundation: e770b220cccbd017edd2c1fefb359320 -> 
  custom:audio-encoder-webm-vorbis: bf7c407c2cedff20999df2af8eb42d56 -> 
  custom:container-demuxer-ogg: 62fdf1f143b41e24485cea50d1cbac27 -> 
  custom:video-decoder-webm-vp8: 9c59270c3fd7afecdb556c50c9e8de78 -> 
  custom:audio-decoder-ogg-vorbis: bf7c407c2cedff20999df2af8eb42d56 -> 
========================================================================
Received Prepare
Registering precompiled user dll's ...
Registered in 0.001498 seconds.
Begin MonoManager ReloadAssembly
Thread 0x17f7df000 may have been prematurely finalized
Symbol file LoadedFromMemory doesn't match image /Users/steve/repos/unity-craftii-kiosk/unity-craftii-kiosk/Library/PackageCache/com.unity.visualscripting@1.8.0/Editor/VisualScripting.Core/Dependencies/YamlDotNet/Unity.VisualScripting.YamlDotNet.dll
Symbol file LoadedFromMemory doesn't match image /Users/steve/repos/unity-craftii-kiosk/unity-craftii-kiosk/Library/PackageCache/com.unity.visualscripting@1.8.0/Editor/VisualScripting.Core/Dependencies/DotNetZip/Unity.VisualScripting.IonicZip.dll
Native extension for LinuxStandalone target not found
Native extension for WindowsStandalone target not found
Native extension for iOS target not found
Native extension for Android target not found
Native extension for OSXStandalone target not found
Native extension for WebGL target not found
Refreshing native plugins compatible for Editor in 0.34 ms, found 2 plugins.
Preloading 0 native plugins for Editor in 0.00 ms.
Mono: successfully reloaded assembly
- Completed reload, in  0.594 seconds
Domain Reload Profiling:
	ReloadAssembly (594ms)
		BeginReloadAssembly (74ms)
			ExecutionOrderSort (0ms)
			DisableScriptedObjects (3ms)
			BackupInstance (0ms)
			ReleaseScriptingObjects (0ms)
			CreateAndSetChildDomain (28ms)
		EndReloadAssembly (463ms)
			LoadAssemblies (31ms)
			RebuildTransferFunctionScriptingTraits (0ms)
			SetupTypeCache (170ms)
			ReleaseScriptCaches (1ms)
			RebuildScriptCaches (28ms)
			SetupLoadedEditorAssemblies (168ms)
				LogAssemblyErrors (0ms)
				InitializePlatformSupportModulesInManaged (20ms)
				SetLoadedEditorAssemblies (0ms)
				RefreshPlugins (0ms)
				BeforeProcessingInitializeOnLoad (37ms)
				ProcessInitializeOnLoadAttributes (99ms)
				ProcessInitializeOnLoadMethodAttributes (10ms)
				AfterProcessingInitializeOnLoad (1ms)
				EditorAssembliesLoaded (0ms)
			ExecutionOrderSort2 (0ms)
			AwakeInstancesAfterBackupRestoration (2ms)
Platform modules already initialized, skipping
Refreshing native plugins compatible for Editor in 0.69 ms, found 2 plugins.
Preloading 0 native plugins for Editor in 0.00 ms.
Unloading 3043 Unused Serialized files (Serialized files now loaded: 0)
Unloading 16 unused Assets / (22.0 KB). Loaded Objects now: 3649.
Memory consumption went from 118.1 MB to 118.1 MB.
Total: 2.335625 ms (FindLiveObjects: 0.124292 ms CreateObjectMapping: 0.039750 ms MarkObjects: 2.155916 ms  DeleteObjects: 0.014834 ms)

AssetImportParameters requested are different than current active one (requested -> active):
  custom:video-decoder-ogg-theora: a1e56fd34408186e4bbccfd4996cb3dc -> 
  custom:container-muxer-webm: aa71ff27fc2769a1b78a27578f13a17b -> 
  custom:container-demuxer-webm: 4f35f7cbe854078d1ac9338744f61a02 -> 
  custom:video-encoder-webm-vp8: eb34c28f22e8b96e1ab97ce403110664 -> 
  custom:framework-osx-AVFoundation: e770b220cccbd017edd2c1fefb359320 -> 
  custom:audio-encoder-webm-vorbis: bf7c407c2cedff20999df2af8eb42d56 -> 
  custom:container-demuxer-ogg: 62fdf1f143b41e24485cea50d1cbac27 -> 
  custom:video-decoder-webm-vp8: 9c59270c3fd7afecdb556c50c9e8de78 -> 
  custom:audio-decoder-ogg-vorbis: bf7c407c2cedff20999df2af8eb42d56 -> 
========================================================================
Received Prepare
Registering precompiled user dll's ...
Registered in 0.001325 seconds.
Begin MonoManager ReloadAssembly
Thread 0x17f7df000 may have been prematurely finalized
Symbol file LoadedFromMemory doesn't match image /Users/steve/repos/unity-craftii-kiosk/unity-craftii-kiosk/Library/PackageCache/com.unity.visualscripting@1.8.0/Editor/VisualScripting.Core/Dependencies/YamlDotNet/Unity.VisualScripting.YamlDotNet.dll
Symbol file LoadedFromMemory doesn't match image /Users/steve/repos/unity-craftii-kiosk/unity-craftii-kiosk/Library/PackageCache/com.unity.visualscripting@1.8.0/Editor/VisualScripting.Core/Dependencies/DotNetZip/Unity.VisualScripting.IonicZip.dll
Native extension for LinuxStandalone target not found
Native extension for WindowsStandalone target not found
Native extension for iOS target not found
Native extension for Android target not found
Native extension for OSXStandalone target not found
Native extension for WebGL target not found
Refreshing native plugins compatible for Editor in 0.37 ms, found 2 plugins.
Preloading 0 native plugins for Editor in 0.00 ms.
Mono: successfully reloaded assembly
- Completed reload, in  0.579 seconds
Domain Reload Profiling:
	ReloadAssembly (580ms)
		BeginReloadAssembly (74ms)
			ExecutionOrderSort (0ms)
			DisableScriptedObjects (3ms)
			BackupInstance (0ms)
			ReleaseScriptingObjects (0ms)
			CreateAndSetChildDomain (27ms)
		EndReloadAssembly (449ms)
			LoadAssemblies (31ms)
			RebuildTransferFunctionScriptingTraits (0ms)
			SetupTypeCache (165ms)
			ReleaseScriptCaches (1ms)
			RebuildScriptCaches (27ms)
			SetupLoadedEditorAssemblies (163ms)
				LogAssemblyErrors (0ms)
				InitializePlatformSupportModulesInManaged (18ms)
				SetLoadedEditorAssemblies (0ms)
				RefreshPlugins (0ms)
				BeforeProcessingInitializeOnLoad (36ms)
				ProcessInitializeOnLoadAttributes (97ms)
				ProcessInitializeOnLoadMethodAttributes (11ms)
				AfterProcessingInitializeOnLoad (1ms)
				EditorAssembliesLoaded (0ms)
			ExecutionOrderSort2 (0ms)
			AwakeInstancesAfterBackupRestoration (2ms)
Platform modules already initialized, skipping
Refreshing native plugins compatible for Editor in 0.64 ms, found 2 plugins.
Preloading 0 native plugins for Editor in 0.00 ms.
Unloading 3043 Unused Serialized files (Serialized files now loaded: 0)
Unloading 16 unused Assets / (22.0 KB). Loaded Objects now: 3652.
Memory consumption went from 118.1 MB to 118.1 MB.
Total: 2.178500 ms (FindLiveObjects: 0.117500 ms CreateObjectMapping: 0.036541 ms MarkObjects: 2.008834 ms  DeleteObjects: 0.015125 ms)

AssetImportParameters requested are different than current active one (requested -> active):
  custom:video-decoder-ogg-theora: a1e56fd34408186e4bbccfd4996cb3dc -> 
  custom:container-muxer-webm: aa71ff27fc2769a1b78a27578f13a17b -> 
  custom:container-demuxer-webm: 4f35f7cbe854078d1ac9338744f61a02 -> 
  custom:video-encoder-webm-vp8: eb34c28f22e8b96e1ab97ce403110664 -> 
  custom:framework-osx-AVFoundation: e770b220cccbd017edd2c1fefb359320 -> 
  custom:audio-encoder-webm-vorbis: bf7c407c2cedff20999df2af8eb42d56 -> 
  custom:container-demuxer-ogg: 62fdf1f143b41e24485cea50d1cbac27 -> 
  custom:video-decoder-webm-vp8: 9c59270c3fd7afecdb556c50c9e8de78 -> 
  custom:audio-decoder-ogg-vorbis: bf7c407c2cedff20999df2af8eb42d56 -> 
========================================================================
Received Prepare
Refreshing native plugins compatible for Editor in 1.57 ms, found 2 plugins.
Preloading 0 native plugins for Editor in 0.00 ms.
Unloading 16 Unused Serialized files (Serialized files now loaded: 0)
Unloading 16 unused Assets / (21.9 KB). Loaded Objects now: 3652.
Memory consumption went from 57.6 MB to 57.5 MB.
Total: 2.139959 ms (FindLiveObjects: 0.131875 ms CreateObjectMapping: 0.038667 ms MarkObjects: 1.954417 ms  DeleteObjects: 0.014375 ms)

AssetImportParameters requested are different than current active one (requested -> active):
  custom:video-decoder-ogg-theora: a1e56fd34408186e4bbccfd4996cb3dc -> 
  custom:container-muxer-webm: aa71ff27fc2769a1b78a27578f13a17b -> 
  custom:container-demuxer-webm: 4f35f7cbe854078d1ac9338744f61a02 -> 
  custom:video-encoder-webm-vp8: eb34c28f22e8b96e1ab97ce403110664 -> 
  custom:framework-osx-AVFoundation: e770b220cccbd017edd2c1fefb359320 -> 
  custom:audio-encoder-webm-vorbis: bf7c407c2cedff20999df2af8eb42d56 -> 
  custom:container-demuxer-ogg: 62fdf1f143b41e24485cea50d1cbac27 -> 
  custom:video-decoder-webm-vp8: 9c59270c3fd7afecdb556c50c9e8de78 -> 
  custom:audio-decoder-ogg-vorbis: bf7c407c2cedff20999df2af8eb42d56 -> 
========================================================================
Received Prepare
Registering precompiled user dll's ...
Registered in 0.001445 seconds.
Begin MonoManager ReloadAssembly
Thread 0x17f7df000 may have been prematurely finalized
Symbol file LoadedFromMemory doesn't match image /Users/steve/repos/unity-craftii-kiosk/unity-craftii-kiosk/Library/PackageCache/com.unity.visualscripting@1.8.0/Editor/VisualScripting.Core/Dependencies/YamlDotNet/Unity.VisualScripting.YamlDotNet.dll
Symbol file LoadedFromMemory doesn't match image /Users/steve/repos/unity-craftii-kiosk/unity-craftii-kiosk/Library/PackageCache/com.unity.visualscripting@1.8.0/Editor/VisualScripting.Core/Dependencies/DotNetZip/Unity.VisualScripting.IonicZip.dll
Native extension for LinuxStandalone target not found
Native extension for WindowsStandalone target not found
Native extension for iOS target not found
Native extension for Android target not found
Native extension for OSXStandalone target not found
Native extension for WebGL target not found
Refreshing native plugins compatible for Editor in 0.36 ms, found 2 plugins.
Preloading 0 native plugins for Editor in 0.00 ms.
Mono: successfully reloaded assembly
- Completed reload, in  0.566 seconds
Domain Reload Profiling:
	ReloadAssembly (567ms)
		BeginReloadAssembly (79ms)
			ExecutionOrderSort (0ms)
			DisableScriptedObjects (3ms)
			BackupInstance (0ms)
			ReleaseScriptingObjects (0ms)
			CreateAndSetChildDomain (31ms)
		EndReloadAssembly (433ms)
			LoadAssemblies (29ms)
			RebuildTransferFunctionScriptingTraits (0ms)
			SetupTypeCache (163ms)
			ReleaseScriptCaches (1ms)
			RebuildScriptCaches (26ms)
			SetupLoadedEditorAssemblies (156ms)
				LogAssemblyErrors (0ms)
				InitializePlatformSupportModulesInManaged (18ms)
				SetLoadedEditorAssemblies (0ms)
				RefreshPlugins (0ms)
				BeforeProcessingInitializeOnLoad (35ms)
				ProcessInitializeOnLoadAttributes (91ms)
				ProcessInitializeOnLoadMethodAttributes (10ms)
				AfterProcessingInitializeOnLoad (1ms)
				EditorAssembliesLoaded (0ms)
			ExecutionOrderSort2 (0ms)
			AwakeInstancesAfterBackupRestoration (2ms)
Platform modules already initialized, skipping
Refreshing native plugins compatible for Editor in 0.61 ms, found 2 plugins.
Preloading 0 native plugins for Editor in 0.00 ms.
Unloading 3043 Unused Serialized files (Serialized files now loaded: 0)
Unloading 16 unused Assets / (22.0 KB). Loaded Objects now: 3655.
Memory consumption went from 118.2 MB to 118.1 MB.
Total: 2.090375 ms (FindLiveObjects: 0.108000 ms CreateObjectMapping: 0.036625 ms MarkObjects: 1.934291 ms  DeleteObjects: 0.011042 ms)

AssetImportParameters requested are different than current active one (requested -> active):
  custom:video-decoder-ogg-theora: a1e56fd34408186e4bbccfd4996cb3dc -> 
  custom:container-muxer-webm: aa71ff27fc2769a1b78a27578f13a17b -> 
  custom:container-demuxer-webm: 4f35f7cbe854078d1ac9338744f61a02 -> 
  custom:video-encoder-webm-vp8: eb34c28f22e8b96e1ab97ce403110664 -> 
  custom:framework-osx-AVFoundation: e770b220cccbd017edd2c1fefb359320 -> 
  custom:audio-encoder-webm-vorbis: bf7c407c2cedff20999df2af8eb42d56 -> 
  custom:container-demuxer-ogg: 62fdf1f143b41e24485cea50d1cbac27 -> 
  custom:video-decoder-webm-vp8: 9c59270c3fd7afecdb556c50c9e8de78 -> 
  custom:audio-decoder-ogg-vorbis: bf7c407c2cedff20999df2af8eb42d56 -> 
========================================================================
Received Prepare
Refreshing native plugins compatible for Editor in 1.41 ms, found 2 plugins.
Preloading 0 native plugins for Editor in 0.00 ms.
Unloading 16 Unused Serialized files (Serialized files now loaded: 0)
Unloading 16 unused Assets / (22.0 KB). Loaded Objects now: 3655.
Memory consumption went from 57.6 MB to 57.5 MB.
Total: 2.115000 ms (FindLiveObjects: 0.125958 ms CreateObjectMapping: 0.038250 ms MarkObjects: 1.936291 ms  DeleteObjects: 0.014167 ms)

AssetImportParameters requested are different than current active one (requested -> active):
  custom:video-decoder-ogg-theora: a1e56fd34408186e4bbccfd4996cb3dc -> 
  custom:container-muxer-webm: aa71ff27fc2769a1b78a27578f13a17b -> 
  custom:container-demuxer-webm: 4f35f7cbe854078d1ac9338744f61a02 -> 
  custom:video-encoder-webm-vp8: eb34c28f22e8b96e1ab97ce403110664 -> 
  custom:framework-osx-AVFoundation: e770b220cccbd017edd2c1fefb359320 -> 
  custom:audio-encoder-webm-vorbis: bf7c407c2cedff20999df2af8eb42d56 -> 
  custom:container-demuxer-ogg: 62fdf1f143b41e24485cea50d1cbac27 -> 
  custom:video-decoder-webm-vp8: 9c59270c3fd7afecdb556c50c9e8de78 -> 
  custom:audio-decoder-ogg-vorbis: bf7c407c2cedff20999df2af8eb42d56 -> 
